run ID,associated phenotype,pipeline,Archaea Euryarchaeota,Bacteria Acidobacteria,Bacteria Actinobacteria,Bacteria Bacteroidetes,Bacteria Chloroflexi,Bacteria Cyanobacteria,Bacteria Elusimicrobia,Bacteria Firmicutes,Bacteria Fusobacteria,Bacteria Lentisphaerae,Bacteria Nitrospirae,Bacteria Proteobacteria,Bacteria Spirochaetes,Bacteria Synergistetes,Bacteria Tenericutes,Bacteria Verrucomicrobia
SRR5947807,D003424,4.1,0.0,1.0,62.0,12347.0,0.0,324.0,0.0,5579.0,1.0,6.0,3.0,555.0,0.0,0.0,1.0,120.0
SRR5947808,D003093,4.1,0.0,0.0,116.0,12205.0,0.0,3.0,0.0,4964.0,3.0,1.0,0.0,24.0,2.0,0.0,1.0,7.0
SRR5947809,D003424,4.1,0.0,2.0,69.0,665.0,2.0,0.0,1.0,17390.0,3.0,0.0,0.0,355.0,1.0,199.0,3.0,54.0
SRR5947810,D006262,4.1,0.0,0.0,302.0,5134.0,0.0,3.0,0.0,12160.0,5.0,0.0,0.0,643.0,0.0,0.0,2.0,201.0
SRR5947811,D003424,4.1,0.0,1.0,51.0,11632.0,4.0,0.0,0.0,2268.0,2.0,12.0,0.0,358.0,2.0,2.0,342.0,35.0
SRR5947812,D003424,4.1,0.0,1.0,68.0,1113.0,0.0,1.0,1.0,11460.0,37.0,0.0,0.0,97.0,0.0,535.0,3.0,785.0
SRR5947813,D003424,4.1,0.0,2.0,109.0,7559.0,2.0,19.0,0.0,6352.0,0.0,0.0,0.0,780.0,1.0,0.0,0.0,23.0
SRR5947814,D003424,4.1,0.0,0.0,89.0,2494.0,0.0,3.0,0.0,2608.0,2.0,0.0,0.0,106.0,1.0,0.0,1.0,2.0
SRR5947815,D003424,4.1,0.0,0.0,672.0,7046.0,0.0,8.0,0.0,9729.0,1.0,0.0,0.0,233.0,0.0,1.0,0.0,11.0
SRR5947816,D003424,4.1,0.0,0.0,80.0,5838.0,0.0,4.0,0.0,3499.0,0.0,0.0,0.0,625.0,1.0,0.0,0.0,14.0
SRR5947817,D003424,4.1,0.0,1.0,387.0,9500.0,2.0,7.0,0.0,9884.0,8.0,0.0,0.0,193.0,0.0,0.0,0.0,28.0
SRR5947818,D003424,4.1,0.0,0.0,3.0,247.0,0.0,0.0,0.0,127.0,0.0,0.0,0.0,19.0,0.0,0.0,0.0,0.0
SRR5947819,D003093,4.1,0.0,0.0,0.0,23.0,0.0,0.0,0.0,43.0,0.0,0.0,0.0,2.0,0.0,0.0,0.0,0.0
SRR5947820,D006262,4.1,0.0,1.0,448.0,11034.0,1.0,11.0,0.0,16638.0,3.0,0.0,0.0,332.0,2.0,2.0,0.0,38.0
SRR5947821,D003424,4.1,0.0,1.0,198.0,3857.0,2.0,99.0,0.0,12029.0,1.0,24.0,0.0,1324.0,0.0,0.0,3.0,138.0
SRR5947822,D006262,4.1,0.0,0.0,194.0,12973.0,2.0,1.0,0.0,5750.0,0.0,0.0,0.0,144.0,0.0,0.0,1.0,1148.0
SRR5947823,D003093,4.1,0.0,0.0,278.0,11067.0,0.0,10.0,2.0,13453.0,4.0,0.0,0.0,42.0,1.0,2.0,1.0,49.0
SRR5947824,D003093,4.1,0.0,0.0,56.0,3874.0,0.0,0.0,0.0,1765.0,3.0,0.0,0.0,31.0,1.0,1.0,1.0,2.0
SRR5947825,D003424,4.1,0.0,0.0,5.0,82.0,0.0,1.0,0.0,120.0,0.0,1.0,0.0,11.0,0.0,1.0,1.0,0.0
SRR5947826,D003424,4.1,0.0,0.0,33.0,6085.0,3.0,336.0,0.0,2353.0,1.0,82.0,0.0,13.0,0.0,0.0,2.0,534.0
SRR5947827,D003424,4.1,0.0,0.0,296.0,8572.0,4.0,8.0,0.0,12141.0,3.0,0.0,1.0,479.0,0.0,63.0,1.0,15.0
SRR5947828,D006262,4.1,0.0,0.0,96.0,1092.0,1.0,2.0,0.0,2381.0,0.0,0.0,0.0,138.0,0.0,0.0,0.0,9.0
SRR5947829,D003424,4.1,0.0,1.0,53.0,8597.0,0.0,41.0,0.0,3702.0,0.0,11.0,0.0,289.0,0.0,0.0,0.0,95.0
SRR5947830,D003424,4.1,0.0,0.0,20.0,2692.0,0.0,0.0,0.0,1733.0,1.0,0.0,0.0,113.0,1.0,1.0,0.0,3.0
SRR5947831,D006262,4.1,0.0,2.0,161.0,4308.0,0.0,0.0,0.0,5234.0,3.0,0.0,0.0,782.0,0.0,1.0,0.0,30.0
SRR5947832,D003424,4.1,0.0,0.0,8.0,5076.0,0.0,5.0,0.0,1126.0,0.0,0.0,0.0,625.0,0.0,0.0,0.0,3.0
SRR5947833,D003424,4.1,0.0,0.0,41.0,1493.0,0.0,1.0,0.0,960.0,1.0,0.0,0.0,64.0,0.0,0.0,0.0,4.0
SRR5947834,D003093,4.1,0.0,0.0,46.0,2152.0,0.0,0.0,0.0,1881.0,1.0,0.0,0.0,123.0,0.0,0.0,0.0,160.0
SRR5947835,D003424,4.1,0.0,0.0,413.0,6874.0,1.0,12.0,0.0,13145.0,9.0,0.0,0.0,413.0,1.0,0.0,0.0,39.0
SRR5947836,D003424,4.1,0.0,0.0,69.0,16937.0,1.0,3.0,0.0,2563.0,1.0,1.0,0.0,469.0,1.0,0.0,447.0,17.0
SRR5947837,D003093,4.1,0.0,0.0,8.0,393.0,0.0,0.0,0.0,233.0,1.0,0.0,0.0,11.0,0.0,0.0,0.0,0.0
SRR5947838,D003424,4.1,0.0,0.0,107.0,4267.0,0.0,4.0,0.0,3747.0,5.0,0.0,0.0,106.0,0.0,1.0,0.0,53.0
SRR5947839,D003424,4.1,0.0,0.0,12.0,4707.0,0.0,0.0,0.0,506.0,0.0,0.0,0.0,64.0,0.0,0.0,0.0,3.0
SRR5947840,D003424,4.1,0.0,0.0,663.0,8524.0,6.0,19.0,0.0,15045.0,0.0,0.0,0.0,189.0,1.0,16.0,2.0,49.0
SRR5947841,D003424,4.1,7.0,1.0,45.0,19748.0,2.0,2.0,0.0,2682.0,1.0,16.0,0.0,540.0,2.0,0.0,1631.0,17.0
SRR5947842,D003424,4.1,0.0,0.0,235.0,4074.0,3.0,2.0,0.0,5383.0,0.0,0.0,0.0,1062.0,0.0,0.0,0.0,29.0
SRR5947843,D003093,4.1,0.0,0.0,47.0,694.0,0.0,6.0,0.0,1232.0,371.0,0.0,0.0,209.0,0.0,0.0,0.0,2.0
SRR5947844,D003424,4.1,0.0,0.0,43.0,1562.0,0.0,2.0,0.0,1217.0,0.0,0.0,0.0,58.0,0.0,0.0,1.0,6.0
SRR5947845,D006262,4.1,0.0,0.0,80.0,8489.0,0.0,1.0,0.0,2368.0,1.0,0.0,0.0,170.0,3.0,0.0,1.0,25.0
SRR5947846,D003093,4.1,0.0,0.0,389.0,4821.0,1.0,12.0,0.0,9485.0,3.0,0.0,0.0,645.0,0.0,0.0,2.0,19.0
SRR5947847,D003424,4.1,0.0,3.0,510.0,2771.0,7.0,17.0,0.0,12644.0,2.0,0.0,0.0,736.0,0.0,3.0,0.0,1216.0
SRR5947848,D003093,4.1,0.0,1.0,104.0,8000.0,1.0,1.0,0.0,4498.0,1.0,0.0,0.0,1324.0,1.0,0.0,1.0,27.0
SRR5947849,D003093,4.1,0.0,1.0,122.0,6043.0,0.0,1.0,0.0,6709.0,4.0,1.0,0.0,9.0,0.0,1.0,0.0,17.0
SRR5947850,D006262,4.1,0.0,0.0,668.0,8869.0,0.0,10.0,0.0,9699.0,3.0,0.0,0.0,193.0,0.0,0.0,2.0,15.0
SRR5947851,D003424,4.1,0.0,0.0,13.0,7297.0,0.0,0.0,0.0,3901.0,0.0,0.0,1.0,263.0,1.0,1.0,0.0,8.0
SRR5947852,D003424,4.1,0.0,0.0,29.0,10993.0,1.0,19.0,0.0,3043.0,3.0,20.0,0.0,111.0,1.0,2.0,1.0,26.0
SRR5947853,D003424,4.1,0.0,0.0,47.0,11481.0,0.0,2.0,0.0,1708.0,0.0,0.0,0.0,304.0,0.0,0.0,0.0,9.0
SRR5947854,D003424,4.1,0.0,2.0,32.0,9085.0,2.0,11.0,0.0,1837.0,1.0,0.0,0.0,1786.0,0.0,0.0,0.0,2.0
SRR5947855,D003424,4.1,5.0,1.0,153.0,27958.0,3.0,3.0,0.0,5281.0,0.0,26.0,0.0,741.0,1.0,2.0,2144.0,24.0
SRR5947856,D003424,4.1,0.0,0.0,22.0,740.0,0.0,0.0,0.0,788.0,1.0,0.0,0.0,46.0,0.0,0.0,0.0,4.0
SRR5947857,D003093,4.1,18.0,0.0,150.0,8844.0,0.0,4.0,0.0,6923.0,0.0,0.0,0.0,937.0,2.0,1.0,0.0,174.0
SRR5947858,D003424,4.1,0.0,0.0,217.0,10576.0,7.0,4.0,0.0,3309.0,5.0,0.0,0.0,298.0,0.0,0.0,0.0,4.0
SRR5947859,D003424,4.1,0.0,5.0,118.0,8155.0,1.0,4.0,0.0,5311.0,15.0,0.0,0.0,1760.0,0.0,0.0,0.0,3.0
SRR5947860,D003093,4.1,0.0,0.0,271.0,7053.0,1.0,10.0,0.0,7113.0,1.0,0.0,0.0,146.0,0.0,0.0,1.0,26.0
SRR5947861,D003093,4.1,0.0,0.0,6.0,661.0,0.0,0.0,0.0,295.0,2.0,0.0,0.0,17.0,0.0,0.0,0.0,1.0
SRR5947862,D003424,4.1,0.0,1.0,170.0,8945.0,4.0,4.0,0.0,6221.0,4.0,1.0,0.0,1546.0,2.0,0.0,2688.0,22.0
SRR5947863,D003424,4.1,0.0,0.0,32.0,10131.0,0.0,0.0,0.0,1331.0,4.0,0.0,0.0,257.0,0.0,0.0,0.0,9.0
SRR5947864,D006262,4.1,0.0,1.0,259.0,3213.0,0.0,4.0,0.0,7206.0,0.0,0.0,0.0,272.0,0.0,0.0,0.0,37.0
SRR5947865,D003424,4.1,0.0,0.0,580.0,7473.0,2.0,7.0,0.0,19946.0,4.0,0.0,0.0,123.0,3.0,89.0,4.0,54.0
SRR5947866,D003093,4.1,0.0,0.0,71.0,10391.0,1.0,0.0,0.0,4457.0,1.0,0.0,0.0,2042.0,0.0,0.0,2.0,9.0
SRR5947867,D003093,4.1,0.0,1.0,93.0,5696.0,1.0,6.0,0.0,3544.0,1.0,0.0,0.0,521.0,0.0,0.0,0.0,1993.0
SRR5947868,D003424,4.1,0.0,0.0,67.0,9477.0,0.0,3.0,1.0,3571.0,13.0,1.0,0.0,1259.0,2.0,1.0,2.0,4.0
SRR5947869,D003093,4.1,0.0,1.0,128.0,11802.0,2.0,3.0,1.0,8060.0,1.0,0.0,0.0,973.0,1.0,0.0,1.0,13.0
SRR5947870,D003424,4.1,0.0,0.0,246.0,6426.0,0.0,7.0,0.0,5722.0,3.0,0.0,0.0,125.0,0.0,0.0,1.0,15.0
SRR5947871,D006262,4.1,0.0,0.0,692.0,8383.0,5.0,11.0,0.0,10681.0,1.0,0.0,0.0,491.0,1.0,0.0,0.0,28.0
SRR5947872,D006262,4.1,0.0,0.0,305.0,4536.0,0.0,0.0,0.0,5209.0,2.0,0.0,0.0,217.0,1.0,0.0,0.0,42.0
SRR5947873,D003424,4.1,0.0,4.0,52.0,10755.0,0.0,39.0,0.0,2989.0,1.0,21.0,0.0,353.0,1.0,0.0,0.0,272.0
SRR5947874,D003424,4.1,2.0,1.0,238.0,2854.0,1.0,3.0,0.0,12996.0,2.0,0.0,0.0,397.0,1.0,0.0,0.0,15.0
SRR5947875,D003424,4.1,0.0,0.0,10.0,3997.0,0.0,0.0,0.0,1101.0,340.0,0.0,0.0,726.0,0.0,0.0,0.0,3.0
SRR5947876,D003424,4.1,0.0,0.0,31.0,5487.0,0.0,2.0,0.0,3154.0,101.0,1.0,0.0,267.0,2.0,0.0,1.0,96.0
SRR5947877,D003424,4.1,0.0,2.0,224.0,7420.0,0.0,3.0,0.0,3795.0,0.0,0.0,0.0,241.0,0.0,0.0,0.0,8.0
SRR5947878,D003093,4.1,0.0,0.0,201.0,4059.0,2.0,0.0,1.0,7180.0,1.0,0.0,1.0,1554.0,0.0,2.0,0.0,1084.0
SRR5947879,D006262,4.1,0.0,2.0,146.0,3064.0,0.0,0.0,0.0,3591.0,0.0,0.0,0.0,592.0,0.0,0.0,0.0,583.0
SRR5947880,D003093,4.1,0.0,10.0,210.0,14830.0,3.0,11.0,0.0,12422.0,1.0,1.0,0.0,3335.0,2.0,0.0,0.0,41.0
SRR5947881,D003093,4.1,0.0,0.0,9.0,1484.0,0.0,1.0,0.0,913.0,4.0,0.0,0.0,16.0,0.0,0.0,1.0,5.0
SRR5947882,D003093,4.1,0.0,3.0,87.0,11658.0,2.0,0.0,0.0,3843.0,0.0,0.0,0.0,510.0,0.0,0.0,0.0,387.0
SRR5947883,D003424,4.1,0.0,1.0,11.0,7651.0,0.0,9.0,0.0,982.0,0.0,0.0,0.0,1225.0,1.0,0.0,0.0,1.0
SRR5947884,D003093,4.1,0.0,5.0,194.0,13459.0,0.0,8.0,0.0,9349.0,3.0,0.0,0.0,960.0,1.0,1.0,0.0,16.0
SRR5947895,D006262,4.1,0.0,0.0,0.0,17.0,0.0,0.0,0.0,7.0,0.0,0.0,0.0,0.0,0.0,0.0,16.0,0.0
SRR5947896,D003093,4.1,0.0,0.0,0.0,24.0,0.0,0.0,0.0,25.0,0.0,0.0,0.0,0.0,0.0,0.0,0.0,0.0
SRR5947899,D003424,4.1,0.0,0.0,0.0,32.0,0.0,0.0,0.0,2.0,0.0,0.0,0.0,0.0,0.0,0.0,0.0,0.0
SRR5947900,D003424,4.1,0.0,0.0,0.0,0.0,0.0,0.0,0.0,0.0,0.0,0.0,0.0,0.0,0.0,0.0,0.0,0.0
SRR5947901,D003424,4.1,0.0,0.0,0.0,46.0,0.0,0.0,0.0,1.0,0.0,0.0,0.0,0.0,0.0,0.0,0.0,0.0
SRR5947902,D003424,4.1,0.0,0.0,0.0,1.0,0.0,0.0,0.0,16.0,0.0,0.0,0.0,0.0,0.0,0.0,0.0,0.0
SRR5947903,D003093,4.1,0.0,0.0,0.0,0.0,0.0,0.0,0.0,30.0,0.0,0.0,0.0,0.0,0.0,0.0,0.0,0.0
SRR5947904,D003424,4.1,0.0,0.0,0.0,16.0,0.0,0.0,0.0,4.0,0.0,0.0,0.0,0.0,0.0,0.0,0.0,0.0
SRR5947906,D003424,4.1,0.0,0.0,0.0,0.0,0.0,0.0,0.0,0.0,0.0,0.0,0.0,0.0,0.0,0.0,1.0,0.0
SRR5947907,D003424,4.1,0.0,0.0,0.0,23.0,0.0,0.0,0.0,0.0,0.0,0.0,0.0,0.0,0.0,0.0,0.0,0.0
SRR5947910,D003424,4.1,0.0,0.0,0.0,0.0,0.0,0.0,0.0,0.0,0.0,0.0,0.0,0.0,0.0,0.0,0.0,0.0
SRR5947911,D003424,4.1,0.0,0.0,0.0,278.0,0.0,0.0,0.0,17.0,0.0,0.0,0.0,0.0,0.0,0.0,0.0,1.0
SRR5947912,D003424,4.1,0.0,0.0,0.0,15.0,0.0,0.0,0.0,17.0,0.0,0.0,0.0,0.0,0.0,0.0,0.0,0.0
SRR5947913,D003424,4.1,0.0,0.0,0.0,0.0,0.0,0.0,0.0,5.0,0.0,0.0,0.0,0.0,0.0,0.0,0.0,0.0
SRR5947915,D003424,4.1,0.0,0.0,0.0,4.0,0.0,0.0,0.0,0.0,0.0,0.0,0.0,0.0,0.0,0.0,18.0,0.0
SRR5947916,D003093,4.1,0.0,0.0,0.0,11.0,0.0,0.0,0.0,0.0,0.0,0.0,0.0,4.0,0.0,0.0,0.0,0.0
SRR5947918,D003093,4.1,0.0,0.0,0.0,12.0,0.0,0.0,0.0,1.0,0.0,0.0,0.0,0.0,0.0,0.0,0.0,0.0
SRR5947919,D006262,4.1,0.0,0.0,2.0,122.0,0.0,0.0,0.0,42.0,0.0,0.0,0.0,17.0,0.0,0.0,0.0,0.0
SRR5947920,D003424,4.1,0.0,0.0,0.0,65.0,0.0,0.0,0.0,11.0,0.0,0.0,0.0,0.0,0.0,0.0,0.0,0.0
SRR5947921,D003093,4.1,0.0,0.0,0.0,110.0,0.0,0.0,0.0,64.0,0.0,0.0,0.0,15.0,0.0,0.0,0.0,4.0
SRR5947922,D003093,4.1,0.0,0.0,0.0,26.0,0.0,0.0,0.0,0.0,0.0,0.0,0.0,0.0,0.0,0.0,0.0,0.0
SRR5947923,D003093,4.1,0.0,0.0,0.0,27.0,0.0,0.0,0.0,14.0,0.0,0.0,0.0,0.0,0.0,0.0,0.0,0.0
SRR5947924,D003424,4.1,0.0,0.0,0.0,77.0,0.0,0.0,0.0,8.0,4.0,0.0,0.0,10.0,0.0,0.0,0.0,0.0
SRR5947925,D003424,4.1,0.0,0.0,0.0,61.0,0.0,0.0,0.0,5.0,0.0,0.0,0.0,0.0,0.0,0.0,0.0,0.0
SRR5947928,D003093,4.1,0.0,0.0,0.0,8.0,0.0,0.0,0.0,0.0,0.0,0.0,0.0,0.0,0.0,0.0,0.0,0.0
SRR5947931,D003424,4.1,0.0,0.0,0.0,121.0,0.0,0.0,0.0,4.0,0.0,0.0,0.0,0.0,0.0,0.0,0.0,0.0
SRR5947932,D006262,4.1,0.0,0.0,0.0,9.0,0.0,0.0,0.0,7.0,0.0,0.0,0.0,0.0,0.0,0.0,0.0,0.0
SRR5947933,D003424,4.1,0.0,0.0,0.0,61.0,0.0,0.0,0.0,1.0,0.0,0.0,0.0,13.0,0.0,0.0,0.0,0.0
SRR5947934,D003424,4.1,0.0,0.0,0.0,20.0,0.0,0.0,0.0,0.0,0.0,0.0,0.0,0.0,0.0,0.0,0.0,0.0
SRR5947935,D003424,4.1,0.0,0.0,3.0,22.0,0.0,0.0,0.0,6.0,0.0,0.0,0.0,0.0,0.0,0.0,0.0,0.0
SRR5947938,D003093,4.1,0.0,0.0,0.0,0.0,0.0,0.0,0.0,0.0,0.0,0.0,0.0,0.0,0.0,0.0,0.0,0.0
SRR5947939,D003093,4.1,0.0,0.0,1.0,0.0,0.0,0.0,0.0,0.0,0.0,0.0,0.0,0.0,0.0,0.0,0.0,0.0
SRR5947940,D003093,4.1,0.0,0.0,0.0,0.0,0.0,0.0,0.0,7.0,0.0,0.0,0.0,0.0,0.0,0.0,0.0,0.0
SRR5947941,D006262,4.1,0.0,0.0,0.0,45.0,0.0,0.0,0.0,2.0,0.0,0.0,0.0,0.0,0.0,0.0,0.0,0.0
SRR5947942,D003093,4.1,0.0,0.0,0.0,40.0,0.0,0.0,0.0,17.0,0.0,0.0,0.0,1.0,0.0,0.0,0.0,0.0
SRR5947943,D003424,4.1,0.0,0.0,0.0,45.0,0.0,0.0,0.0,2.0,0.0,0.0,0.0,0.0,0.0,0.0,0.0,0.0
SRR5947944,D003424,4.1,0.0,0.0,0.0,24.0,0.0,0.0,0.0,38.0,0.0,0.0,0.0,9.0,0.0,0.0,0.0,0.0
SRR5947945,D003424,4.1,0.0,0.0,0.0,0.0,0.0,0.0,0.0,2.0,0.0,0.0,0.0,0.0,0.0,0.0,0.0,0.0
SRR5947946,D003093,4.1,0.0,0.0,0.0,4.0,0.0,0.0,0.0,0.0,0.0,0.0,0.0,0.0,0.0,0.0,0.0,0.0
SRR5947947,D003093,4.1,0.0,0.0,0.0,7.0,0.0,0.0,0.0,5.0,0.0,0.0,0.0,0.0,0.0,0.0,0.0,0.0
SRR5947952,D003424,4.1,0.0,0.0,0.0,1.0,0.0,0.0,0.0,0.0,0.0,0.0,0.0,0.0,0.0,0.0,21.0,0.0
SRR5947953,D003424,4.1,0.0,0.0,0.0,33.0,0.0,0.0,0.0,13.0,0.0,0.0,0.0,5.0,0.0,0.0,0.0,0.0
SRR5947955,D003093,4.1,0.0,0.0,0.0,49.0,0.0,0.0,0.0,6.0,0.0,0.0,0.0,0.0,0.0,0.0,0.0,0.0
SRR5947959,D003424,4.1,0.0,0.0,0.0,13.0,0.0,0.0,0.0,0.0,0.0,0.0,0.0,0.0,0.0,0.0,0.0,0.0
SRR5947962,D006262,4.1,0.0,0.0,0.0,4.0,0.0,0.0,0.0,0.0,0.0,0.0,0.0,0.0,0.0,0.0,0.0,0.0
SRR5947963,D003424,4.1,0.0,0.0,0.0,0.0,0.0,0.0,0.0,0.0,0.0,0.0,0.0,0.0,0.0,0.0,0.0,0.0
SRR5947968,D003424,4.1,0.0,0.0,0.0,8.0,0.0,0.0,0.0,0.0,0.0,0.0,0.0,0.0,0.0,0.0,0.0,0.0
SRR5947970,D003424,4.1,0.0,0.0,0.0,44.0,0.0,0.0,0.0,3.0,0.0,0.0,0.0,6.0,0.0,0.0,0.0,0.0
SRR5947972,D003424,4.1,0.0,0.0,0.0,78.0,0.0,0.0,0.0,17.0,0.0,1.0,0.0,0.0,0.0,0.0,0.0,0.0
SRR5983264,D003093,4.1,0.0,1.0,32.0,5528.0,0.0,1.0,0.0,1388.0,1.0,0.0,0.0,42.0,1.0,0.0,0.0,2.0
SRR5983265,D006262,4.1,0.0,2.0,316.0,9104.0,4.0,4.0,2.0,13756.0,3.0,52.0,0.0,742.0,0.0,0.0,3.0,95.0
SRR5983266,D003424,4.1,0.0,1.0,108.0,6758.0,1.0,3.0,0.0,3685.0,1.0,0.0,0.0,199.0,0.0,0.0,1.0,7.0
SRR5983267,D006262,4.1,0.0,0.0,41.0,21366.0,0.0,0.0,0.0,1559.0,8.0,0.0,0.0,152.0,2.0,0.0,0.0,2.0
SRR5983268,D003093,4.1,0.0,0.0,536.0,2887.0,1.0,5.0,0.0,16212.0,3.0,0.0,0.0,362.0,1.0,4.0,11.0,32.0
SRR5983269,D003424,4.1,0.0,0.0,368.0,10687.0,2.0,2.0,0.0,4475.0,0.0,0.0,0.0,297.0,1.0,1.0,0.0,12.0
SRR5983270,D003093,4.1,0.0,2.0,302.0,8476.0,2.0,9.0,0.0,7424.0,2.0,0.0,0.0,326.0,0.0,0.0,0.0,15.0
SRR5983271,D003424,4.1,0.0,0.0,76.0,5992.0,2.0,2.0,0.0,5013.0,0.0,0.0,0.0,18.0,0.0,0.0,1.0,8.0
SRR5983272,D003424,4.1,0.0,0.0,172.0,11546.0,2.0,0.0,0.0,3843.0,2.0,0.0,0.0,638.0,2.0,0.0,0.0,11.0
SRR5983273,D006262,4.1,0.0,0.0,11.0,1111.0,0.0,0.0,0.0,402.0,0.0,0.0,0.0,97.0,0.0,0.0,0.0,0.0
SRR5983274,D006262,4.1,0.0,0.0,111.0,5561.0,1.0,5.0,0.0,2898.0,1.0,0.0,0.0,114.0,1.0,0.0,0.0,45.0
SRR5983275,D003093,4.1,0.0,0.0,51.0,1409.0,0.0,1.0,0.0,1768.0,15.0,0.0,0.0,59.0,0.0,0.0,0.0,437.0
SRR5983276,D006262,4.1,2.0,5.0,64.0,5544.0,4.0,39.0,0.0,5190.0,0.0,7.0,0.0,107.0,2.0,1.0,10.0,38.0
SRR5983277,D003424,4.1,0.0,0.0,46.0,6181.0,0.0,0.0,0.0,1396.0,2.0,0.0,0.0,57.0,0.0,0.0,0.0,197.0
SRR5983278,D003424,4.1,0.0,0.0,14.0,4749.0,0.0,0.0,0.0,1998.0,1.0,6.0,0.0,53.0,3.0,0.0,89.0,11.0
SRR5983279,D003424,4.1,0.0,3.0,80.0,1952.0,1.0,3.0,0.0,2515.0,0.0,0.0,0.0,224.0,0.0,0.0,0.0,7.0
SRR5983280,D006262,4.1,0.0,0.0,110.0,2865.0,0.0,4.0,0.0,6101.0,7.0,0.0,0.0,61.0,0.0,0.0,1.0,24.0
SRR5983281,D003093,4.1,0.0,0.0,470.0,54.0,0.0,0.0,0.0,837.0,5.0,0.0,0.0,45.0,0.0,0.0,1.0,1.0
SRR5983282,D003093,4.1,0.0,5.0,41.0,5637.0,2.0,1.0,0.0,3006.0,3.0,0.0,0.0,347.0,0.0,0.0,0.0,10.0
SRR5983283,D003424,4.1,0.0,0.0,3.0,16.0,0.0,0.0,0.0,825.0,3.0,0.0,0.0,170.0,0.0,0.0,0.0,2.0
SRR5983284,D003093,4.1,0.0,2.0,208.0,9320.0,0.0,4.0,1.0,5493.0,3.0,0.0,0.0,278.0,0.0,0.0,0.0,14.0
SRR5983285,D003093,4.1,0.0,0.0,270.0,3369.0,2.0,2.0,0.0,3967.0,1.0,0.0,0.0,84.0,0.0,0.0,1.0,15.0
SRR5983286,D003424,4.1,0.0,1.0,84.0,5852.0,0.0,0.0,0.0,2593.0,0.0,0.0,0.0,378.0,2.0,1.0,0.0,13.0
SRR5983287,D003424,4.1,0.0,0.0,92.0,2919.0,0.0,2.0,0.0,2681.0,3.0,0.0,0.0,53.0,2.0,0.0,0.0,1.0
SRR5983288,D003424,4.1,0.0,0.0,161.0,3528.0,2.0,1.0,0.0,741.0,1.0,0.0,0.0,454.0,0.0,0.0,0.0,0.0
SRR5983289,D003093,4.1,0.0,0.0,52.0,227.0,0.0,2.0,0.0,1469.0,1.0,0.0,1.0,195.0,0.0,0.0,0.0,3.0
SRR5983290,D006262,4.1,0.0,0.0,76.0,9377.0,0.0,0.0,0.0,1949.0,0.0,0.0,0.0,75.0,0.0,0.0,0.0,263.0
SRR5983291,D003093,4.1,0.0,0.0,35.0,4033.0,1.0,2.0,0.0,1025.0,0.0,0.0,0.0,161.0,1.0,0.0,0.0,6.0
SRR5983292,D003424,4.1,0.0,0.0,1.0,234.0,0.0,0.0,0.0,124.0,2.0,0.0,0.0,3.0,0.0,0.0,0.0,0.0
SRR5983293,D003424,4.1,0.0,0.0,72.0,5431.0,0.0,1.0,0.0,2017.0,0.0,0.0,0.0,157.0,1.0,0.0,0.0,8.0
SRR5983294,D003093,4.1,0.0,1.0,87.0,2976.0,1.0,2.0,0.0,4653.0,3.0,0.0,1.0,307.0,0.0,0.0,2.0,10.0
SRR5983295,D003093,4.1,0.0,2.0,195.0,7096.0,2.0,0.0,0.0,7118.0,65.0,0.0,0.0,238.0,1.0,1.0,1.0,23.0
SRR5983296,D003424,4.1,0.0,6.0,213.0,4502.0,27.0,0.0,0.0,1799.0,28.0,1.0,0.0,8606.0,0.0,0.0,0.0,10.0
SRR5983297,D003093,4.1,0.0,0.0,112.0,6013.0,0.0,4.0,0.0,3931.0,1.0,0.0,0.0,194.0,1.0,0.0,1.0,6.0
SRR5983298,D003424,4.1,0.0,0.0,44.0,6675.0,0.0,2.0,0.0,2672.0,1.0,0.0,0.0,510.0,1.0,0.0,2.0,14.0
SRR5983299,D003093,4.1,0.0,0.0,80.0,10227.0,3.0,0.0,0.0,5362.0,1.0,20.0,0.0,832.0,0.0,0.0,21.0,46.0
SRR5983300,D003093,4.1,9.0,0.0,72.0,5423.0,0.0,2.0,0.0,3830.0,0.0,0.0,0.0,127.0,2.0,0.0,4.0,6.0
SRR5983301,D006262,4.1,0.0,1.0,115.0,7093.0,1.0,1.0,0.0,4920.0,0.0,0.0,0.0,223.0,1.0,1.0,0.0,12.0
SRR5983302,D003093,4.1,0.0,0.0,132.0,3543.0,1.0,1.0,0.0,5241.0,61.0,0.0,0.0,190.0,0.0,0.0,2.0,4.0
SRR5983303,D003093,4.1,0.0,0.0,211.0,9377.0,0.0,1.0,0.0,6336.0,2.0,0.0,0.0,388.0,0.0,1.0,2.0,17.0
SRR5983304,D003424,4.1,0.0,0.0,48.0,5263.0,2.0,0.0,0.0,2221.0,900.0,0.0,0.0,364.0,1.0,0.0,0.0,194.0
SRR5983305,D003424,4.1,0.0,0.0,1386.0,5227.0,7.0,13.0,0.0,24786.0,19.0,0.0,0.0,822.0,3.0,0.0,4.0,58.0
SRR5983306,D003424,4.1,0.0,1.0,34.0,8160.0,0.0,76.0,0.0,2576.0,84.0,6.0,1.0,70.0,0.0,0.0,0.0,73.0
SRR5983307,D003424,4.1,0.0,0.0,477.0,5612.0,5.0,14.0,0.0,7702.0,2.0,0.0,0.0,169.0,0.0,1.0,1.0,13.0
SRR5983308,D003424,4.1,0.0,0.0,18.0,5774.0,0.0,0.0,0.0,597.0,443.0,0.0,0.0,729.0,3.0,0.0,0.0,4.0
SRR5983309,D003424,4.1,0.0,0.0,279.0,13966.0,0.0,4.0,0.0,8388.0,460.0,0.0,0.0,237.0,0.0,0.0,0.0,18.0
SRR5983310,D003424,4.1,0.0,0.0,85.0,8313.0,0.0,1.0,0.0,5106.0,4.0,0.0,0.0,153.0,0.0,1.0,0.0,6.0
SRR5983311,D003424,4.1,0.0,3.0,89.0,748.0,0.0,0.0,0.0,13041.0,7.0,0.0,0.0,5305.0,0.0,1.0,2.0,12.0
SRR5983312,D003093,4.1,0.0,0.0,405.0,5080.0,1.0,5.0,0.0,7236.0,2.0,0.0,0.0,751.0,0.0,0.0,3.0,59.0
SRR5983313,D003424,4.1,0.0,4.0,75.0,10476.0,2.0,11.0,0.0,5752.0,6.0,0.0,0.0,2096.0,2.0,1.0,0.0,4.0
SRR5983314,D003424,4.1,0.0,1.0,15.0,504.0,0.0,1.0,0.0,309.0,4.0,0.0,0.0,114.0,0.0,0.0,0.0,196.0
SRR5983315,D006262,4.1,0.0,3.0,46.0,5059.0,1.0,0.0,0.0,4200.0,0.0,0.0,0.0,403.0,2.0,0.0,4.0,457.0
SRR5983316,D003093,4.1,0.0,0.0,42.0,2126.0,0.0,1.0,0.0,1136.0,0.0,0.0,0.0,23.0,0.0,0.0,1.0,11.0
SRR5983317,D003424,4.1,0.0,1.0,249.0,3600.0,0.0,4.0,0.0,6636.0,6.0,0.0,0.0,188.0,1.0,0.0,1.0,8.0
SRR5983318,D003093,4.1,0.0,3.0,26.0,9832.0,6.0,0.0,0.0,760.0,0.0,0.0,0.0,570.0,0.0,0.0,0.0,2.0
SRR5983319,D003424,4.1,0.0,3.0,88.0,5962.0,12.0,0.0,0.0,5128.0,0.0,0.0,0.0,1142.0,1.0,0.0,2.0,10.0
SRR5983320,D003093,4.1,0.0,0.0,34.0,6326.0,0.0,0.0,0.0,1515.0,13.0,0.0,0.0,83.0,1.0,0.0,0.0,8.0
SRR5983321,D003424,4.1,0.0,0.0,46.0,109.0,0.0,1.0,0.0,1595.0,0.0,0.0,0.0,601.0,0.0,0.0,1.0,0.0
SRR5983322,D003093,4.1,0.0,0.0,237.0,1806.0,1.0,4.0,0.0,3533.0,82.0,0.0,0.0,135.0,1.0,2.0,1.0,5.0
SRR5983323,D003093,4.1,0.0,1.0,358.0,2234.0,0.0,1.0,0.0,5078.0,4.0,0.0,0.0,147.0,1.0,1.0,3.0,26.0
SRR5983324,D003424,4.1,0.0,1.0,49.0,4291.0,0.0,1.0,0.0,2464.0,0.0,0.0,0.0,156.0,1.0,0.0,1.0,7.0
SRR5983325,D003424,4.1,0.0,0.0,103.0,7523.0,2.0,3.0,0.0,2954.0,1.0,0.0,0.0,297.0,1.0,0.0,2.0,8.0
SRR5983326,D003093,4.1,0.0,2.0,97.0,9445.0,1.0,0.0,0.0,4885.0,2.0,0.0,0.0,306.0,0.0,3.0,4.0,11.0
SRR5983327,D003093,4.1,0.0,0.0,59.0,2147.0,0.0,1.0,0.0,5776.0,4.0,0.0,0.0,6715.0,1.0,4.0,1.0,28.0
SRR5983328,D003424,4.1,0.0,3.0,224.0,8636.0,0.0,6.0,0.0,8282.0,2.0,0.0,0.0,541.0,2.0,0.0,0.0,22.0
SRR5983329,D006262,4.1,0.0,2.0,165.0,9816.0,0.0,0.0,0.0,6627.0,19.0,0.0,1.0,290.0,0.0,0.0,0.0,16.0
SRR5983330,D003424,4.1,0.0,0.0,325.0,8614.0,5.0,3.0,0.0,7019.0,2.0,0.0,0.0,357.0,1.0,0.0,0.0,13.0
SRR5983331,D003424,4.1,0.0,0.0,125.0,2852.0,1.0,1.0,0.0,2706.0,2.0,0.0,0.0,106.0,0.0,0.0,1.0,6.0
SRR5983332,D003424,4.1,0.0,3.0,260.0,6053.0,0.0,7.0,0.0,6929.0,7.0,0.0,0.0,363.0,0.0,0.0,1.0,18.0
SRR5983333,D003424,4.1,0.0,0.0,53.0,3806.0,0.0,6.0,0.0,1585.0,2.0,0.0,0.0,241.0,0.0,0.0,0.0,13.0
SRR5983334,D003424,4.1,0.0,1.0,69.0,9538.0,1.0,3.0,0.0,2241.0,24.0,0.0,0.0,300.0,0.0,0.0,0.0,16.0
SRR5983335,D003424,4.1,9.0,2.0,51.0,6077.0,2.0,1.0,0.0,5904.0,0.0,19.0,0.0,179.0,0.0,0.0,45.0,20.0
SRR5983336,D006262,4.1,0.0,0.0,90.0,2134.0,0.0,2.0,0.0,1699.0,1.0,0.0,0.0,86.0,0.0,0.0,0.0,146.0
SRR5983337,D003093,4.1,0.0,0.0,59.0,10041.0,0.0,0.0,0.0,2663.0,0.0,1.0,0.0,446.0,0.0,1.0,0.0,158.0
SRR5983338,D003093,4.1,0.0,0.0,279.0,6037.0,0.0,10.0,0.0,7659.0,3.0,0.0,0.0,654.0,0.0,0.0,0.0,36.0
SRR5983339,D003424,4.1,0.0,0.0,19.0,3012.0,0.0,1.0,0.0,606.0,0.0,0.0,1.0,141.0,0.0,0.0,0.0,2.0
SRR5983340,D003424,4.1,0.0,1.0,32.0,5504.0,0.0,0.0,0.0,2303.0,2.0,0.0,0.0,85.0,1.0,0.0,0.0,22.0
SRR5983341,D003424,4.1,0.0,1.0,14.0,96.0,0.0,1.0,0.0,2123.0,0.0,0.0,0.0,351.0,0.0,3.0,0.0,6.0
SRR5983342,D003093,4.1,0.0,0.0,92.0,1528.0,0.0,1.0,0.0,1856.0,5.0,0.0,0.0,98.0,0.0,0.0,0.0,2.0
SRR5983343,D003424,4.1,0.0,0.0,41.0,6809.0,1.0,201.0,0.0,2769.0,3.0,27.0,0.0,14.0,1.0,0.0,0.0,342.0
SRR5983344,D003424,4.1,0.0,3.0,39.0,9087.0,3.0,18.0,0.0,2329.0,1.0,0.0,0.0,1748.0,1.0,0.0,0.0,9.0
SRR5983345,D006262,4.1,0.0,0.0,165.0,6375.0,2.0,7.0,0.0,4204.0,2.0,0.0,0.0,9.0,0.0,0.0,0.0,19.0
SRR5983346,D003424,4.1,0.0,0.0,116.0,7277.0,1.0,2.0,0.0,3767.0,2.0,0.0,0.0,99.0,0.0,0.0,0.0,7.0
SRR5983347,D003424,4.1,0.0,0.0,767.0,8209.0,2.0,22.0,0.0,15043.0,1.0,0.0,0.0,182.0,1.0,5.0,1.0,40.0
SRR5983348,D006262,4.1,0.0,1.0,168.0,1994.0,2.0,5.0,0.0,4690.0,0.0,0.0,0.0,209.0,0.0,0.0,0.0,99.0
SRR5983349,D006262,4.1,0.0,0.0,18.0,1178.0,0.0,0.0,0.0,2567.0,1.0,0.0,0.0,337.0,0.0,1.0,2.0,1.0
SRR5983350,D006262,4.1,0.0,0.0,38.0,1938.0,0.0,1.0,0.0,1442.0,1.0,0.0,0.0,38.0,0.0,1.0,1.0,185.0
SRR5983351,D003093,4.1,0.0,1.0,71.0,4216.0,1.0,0.0,0.0,3149.0,10.0,0.0,0.0,152.0,0.0,0.0,0.0,4.0
SRR5983352,D006262,4.1,0.0,0.0,18.0,6881.0,0.0,0.0,0.0,1065.0,2.0,0.0,0.0,397.0,2.0,0.0,1.0,125.0
SRR5983353,D003093,4.1,0.0,0.0,23.0,710.0,0.0,0.0,0.0,777.0,71.0,0.0,0.0,39.0,0.0,0.0,0.0,2.0
SRR5983354,D006262,4.1,0.0,0.0,44.0,3687.0,0.0,0.0,0.0,1283.0,0.0,0.0,0.0,157.0,1.0,0.0,0.0,8.0
SRR5983355,D003093,4.1,0.0,6.0,87.0,3658.0,0.0,2.0,0.0,2203.0,1.0,0.0,0.0,267.0,1.0,0.0,0.0,11.0
SRR5983356,D006262,4.1,0.0,1.0,32.0,1717.0,0.0,0.0,0.0,1041.0,0.0,0.0,0.0,150.0,0.0,0.0,0.0,270.0
SRR5983357,D003424,4.1,0.0,3.0,634.0,4696.0,2.0,2.0,0.0,1975.0,3.0,1.0,0.0,694.0,0.0,1.0,0.0,69.0
SRR5983358,D003424,4.1,0.0,0.0,56.0,8431.0,0.0,1.0,0.0,1983.0,1.0,0.0,1.0,5.0,1.0,0.0,0.0,0.0
SRR5983359,D006262,4.1,0.0,0.0,108.0,4182.0,0.0,0.0,0.0,2488.0,1.0,0.0,0.0,749.0,0.0,0.0,2.0,580.0
SRR5983360,D003424,4.1,0.0,2.0,90.0,11489.0,3.0,538.0,0.0,3327.0,12.0,5.0,1.0,786.0,6.0,5.0,2.0,136.0
SRR5983361,D003093,4.1,0.0,0.0,100.0,1316.0,1.0,0.0,0.0,1791.0,5.0,0.0,0.0,105.0,0.0,0.0,0.0,2.0
SRR5983362,D003424,4.1,0.0,0.0,334.0,9316.0,6.0,8.0,0.0,10870.0,1.0,0.0,0.0,319.0,0.0,0.0,0.0,26.0
SRR5983363,D006262,4.1,0.0,1.0,542.0,4923.0,2.0,3.0,0.0,10864.0,2.0,0.0,1.0,601.0,0.0,0.0,0.0,50.0
SRR5983364,D003093,4.1,0.0,0.0,6.0,794.0,1.0,0.0,0.0,576.0,289.0,0.0,0.0,124.0,0.0,0.0,0.0,0.0
SRR5983365,D003424,4.1,0.0,0.0,23.0,1813.0,0.0,0.0,0.0,1160.0,0.0,0.0,0.0,29.0,0.0,0.0,1.0,57.0
SRR5983366,D006262,4.1,0.0,2.0,14.0,833.0,0.0,1.0,0.0,448.0,0.0,0.0,0.0,57.0,0.0,0.0,0.0,23.0
SRR5983367,D003424,4.1,0.0,3.0,67.0,9840.0,0.0,2.0,0.0,3821.0,4.0,0.0,0.0,1055.0,2.0,0.0,13.0,51.0
SRR5983368,D003093,4.1,0.0,0.0,57.0,8596.0,0.0,0.0,0.0,1768.0,283.0,0.0,0.0,301.0,1.0,0.0,0.0,5.0
SRR5983369,D003424,4.1,0.0,4.0,275.0,8112.0,1.0,10.0,0.0,7699.0,7.0,0.0,0.0,612.0,0.0,0.0,1.0,17.0
SRR5983370,D003093,4.1,0.0,0.0,30.0,2163.0,0.0,2.0,0.0,3785.0,2.0,0.0,0.0,11.0,0.0,0.0,0.0,5.0
SRR5983371,D003424,4.1,0.0,0.0,56.0,4532.0,0.0,0.0,0.0,2145.0,2.0,0.0,0.0,72.0,0.0,0.0,0.0,3.0
SRR5983372,D006262,4.1,0.0,2.0,82.0,4820.0,0.0,1.0,0.0,3363.0,4.0,0.0,0.0,360.0,0.0,0.0,0.0,8.0
SRR5983374,D003093,4.1,0.0,1.0,65.0,2505.0,1.0,2.0,0.0,825.0,13.0,0.0,0.0,242.0,1.0,0.0,0.0,1.0
SRR5983375,D003093,4.1,0.0,0.0,407.0,4285.0,2.0,1.0,0.0,11981.0,6.0,0.0,0.0,144.0,5.0,0.0,4.0,28.0
SRR5983376,D006262,4.1,6.0,0.0,93.0,2639.0,0.0,0.0,0.0,3203.0,1.0,7.0,0.0,59.0,1.0,2.0,0.0,4.0
SRR5983377,D003424,4.1,0.0,0.0,28.0,1184.0,0.0,0.0,0.0,1475.0,1.0,0.0,0.0,5.0,2.0,1.0,0.0,2.0
SRR5983378,D003424,4.1,0.0,1.0,123.0,5481.0,2.0,4.0,0.0,3296.0,3.0,0.0,0.0,512.0,2.0,0.0,1.0,24.0
SRR5983379,D006262,4.1,0.0,0.0,31.0,7451.0,0.0,310.0,0.0,2797.0,0.0,0.0,0.0,141.0,0.0,0.0,1.0,224.0
SRR5983380,D006262,4.1,0.0,4.0,422.0,806.0,3.0,1.0,0.0,13154.0,9.0,46.0,0.0,752.0,2.0,0.0,136.0,46.0
SRR5983381,D003424,4.1,0.0,0.0,24.0,6432.0,0.0,0.0,0.0,1051.0,1.0,0.0,0.0,367.0,0.0,0.0,0.0,7.0
SRR5983382,D003093,4.1,0.0,0.0,58.0,2506.0,2.0,0.0,0.0,593.0,0.0,0.0,0.0,123.0,0.0,0.0,0.0,1.0
SRR5983383,D003093,4.1,0.0,0.0,56.0,1323.0,0.0,0.0,0.0,1100.0,9.0,0.0,0.0,84.0,0.0,0.0,0.0,1.0
SRR5983384,D003424,4.1,0.0,3.0,26.0,4497.0,0.0,0.0,0.0,1674.0,2.0,0.0,0.0,401.0,2.0,0.0,0.0,5.0
SRR5983385,D003093,4.1,0.0,0.0,63.0,379.0,0.0,1.0,0.0,1131.0,0.0,0.0,0.0,16.0,2.0,0.0,2.0,3.0
SRR5983386,D003424,4.1,0.0,0.0,41.0,3945.0,0.0,2.0,0.0,1701.0,1.0,0.0,0.0,72.0,1.0,0.0,1.0,20.0
SRR5983387,D003424,4.1,0.0,0.0,361.0,19976.0,1.0,3.0,0.0,5454.0,1.0,0.0,0.0,358.0,1.0,0.0,0.0,12.0
SRR5983388,D003424,4.1,0.0,0.0,11.0,4761.0,0.0,7.0,0.0,903.0,0.0,0.0,0.0,1295.0,0.0,0.0,0.0,1.0
SRR5983389,D003424,4.1,0.0,1.0,18.0,16334.0,0.0,0.0,0.0,1389.0,0.0,0.0,0.0,199.0,0.0,0.0,0.0,10.0
SRR5983390,D006262,4.1,0.0,1.0,156.0,5403.0,1.0,4.0,0.0,9546.0,2.0,0.0,0.0,921.0,2.0,0.0,1.0,67.0
SRR5983391,D003093,4.1,0.0,0.0,125.0,10665.0,1.0,2.0,0.0,5809.0,0.0,0.0,0.0,54.0,0.0,0.0,0.0,25.0
SRR5983392,D003424,4.1,0.0,0.0,14.0,9037.0,1.0,9.0,0.0,2680.0,0.0,0.0,0.0,1396.0,0.0,1.0,0.0,3.0
SRR5983393,D003093,4.1,0.0,1.0,44.0,8431.0,0.0,1.0,0.0,1492.0,0.0,0.0,0.0,104.0,2.0,0.0,0.0,10.0
SRR5983394,D003424,4.1,0.0,0.0,95.0,10500.0,0.0,0.0,0.0,2609.0,2.0,0.0,0.0,95.0,1.0,2.0,0.0,5.0
SRR5983395,D003093,4.1,0.0,0.0,258.0,9550.0,0.0,3.0,0.0,6890.0,1.0,0.0,0.0,341.0,0.0,3.0,1.0,11.0
SRR5983396,D003424,4.1,0.0,0.0,38.0,11844.0,0.0,1.0,0.0,1520.0,0.0,0.0,0.0,108.0,2.0,0.0,0.0,9.0
SRR5983397,D003093,4.1,0.0,2.0,846.0,1106.0,1.0,0.0,0.0,4222.0,2.0,0.0,1.0,113.0,0.0,0.0,1.0,9.0
SRR5983398,D003424,4.1,0.0,1.0,235.0,5688.0,1.0,9.0,0.0,6617.0,0.0,0.0,0.0,237.0,0.0,1.0,0.0,24.0
SRR5983399,D003424,4.1,0.0,3.0,29.0,3644.0,0.0,70.0,0.0,2843.0,1.0,0.0,1.0,206.0,0.0,1.0,58.0,348.0
SRR5983400,D003093,4.1,0.0,0.0,72.0,8451.0,0.0,1.0,0.0,3169.0,1.0,0.0,0.0,182.0,1.0,0.0,0.0,38.0
SRR5983401,D003424,4.1,0.0,1.0,81.0,4692.0,2.0,1.0,0.0,5156.0,2.0,0.0,0.0,354.0,1.0,1.0,1.0,20.0
SRR5983402,D006262,4.1,0.0,3.0,307.0,3975.0,0.0,0.0,0.0,5013.0,2.0,0.0,0.0,182.0,0.0,0.0,10.0,587.0
SRR5983403,D003093,4.1,61.0,0.0,107.0,1674.0,1.0,2.0,0.0,7167.0,3.0,0.0,0.0,260.0,0.0,2.0,120.0,53.0
SRR5983404,D006262,4.1,0.0,1.0,65.0,3879.0,0.0,2.0,0.0,2239.0,0.0,0.0,0.0,87.0,3.0,0.0,73.0,127.0
SRR5983405,D003424,4.1,17.0,0.0,86.0,4768.0,0.0,3.0,0.0,2882.0,2.0,0.0,0.0,183.0,0.0,0.0,0.0,471.0
SRR5983406,D003093,4.1,0.0,0.0,15.0,670.0,1.0,55.0,0.0,1135.0,0.0,0.0,0.0,23.0,1.0,0.0,179.0,18.0
SRR5983407,D003424,4.1,0.0,1.0,32.0,2564.0,0.0,2.0,0.0,2193.0,0.0,1.0,0.0,36.0,0.0,1.0,0.0,0.0
SRR5983408,D006262,4.1,0.0,0.0,39.0,4437.0,1.0,0.0,0.0,765.0,0.0,0.0,0.0,9.0,0.0,0.0,0.0,2.0
SRR5983409,D003424,4.1,0.0,0.0,53.0,7843.0,0.0,21.0,0.0,3033.0,2.0,28.0,0.0,11.0,4.0,2.0,1.0,4.0
SRR5983410,D003424,4.1,0.0,0.0,186.0,10207.0,4.0,2.0,0.0,5085.0,0.0,0.0,0.0,716.0,1.0,0.0,0.0,7.0
SRR5983411,D003424,4.1,0.0,2.0,528.0,1405.0,2.0,13.0,0.0,16659.0,46.0,0.0,0.0,6573.0,0.0,1.0,0.0,15.0
SRR5983412,D003424,4.1,0.0,0.0,18.0,4609.0,0.0,1.0,0.0,2779.0,3.0,8.0,1.0,8.0,0.0,1.0,0.0,10.0
SRR5983413,D003424,4.1,0.0,0.0,85.0,5205.0,1.0,4.0,0.0,2370.0,1.0,0.0,0.0,220.0,0.0,0.0,0.0,18.0
SRR5983414,D003424,4.1,0.0,0.0,38.0,8897.0,0.0,548.0,0.0,2668.0,2.0,10.0,1.0,29.0,1.0,0.0,0.0,80.0
SRR5983415,D003424,4.1,0.0,0.0,32.0,11070.0,0.0,97.0,0.0,2189.0,3.0,4.0,0.0,68.0,0.0,0.0,0.0,97.0
SRR5983416,D003424,4.1,0.0,0.0,313.0,11594.0,3.0,5.0,0.0,4448.0,2.0,0.0,0.0,397.0,0.0,0.0,0.0,14.0
SRR5983417,D003424,4.1,0.0,0.0,32.0,40.0,0.0,0.0,0.0,1914.0,1.0,0.0,0.0,18.0,0.0,9.0,2.0,7.0
SRR5983418,D003424,4.1,0.0,1.0,122.0,2738.0,3.0,3.0,0.0,7919.0,0.0,14.0,0.0,185.0,0.0,0.0,10.0,50.0
SRR5983419,D003424,4.1,0.0,0.0,49.0,2464.0,3.0,0.0,0.0,10073.0,5.0,0.0,0.0,279.0,0.0,1519.0,2.0,125.0
SRR5983420,D006262,4.1,0.0,0.0,126.0,2908.0,1.0,1.0,0.0,3005.0,1.0,0.0,1.0,284.0,0.0,0.0,0.0,133.0
SRR5983421,D006262,4.1,0.0,1.0,181.0,3683.0,0.0,1.0,0.0,2629.0,1.0,0.0,0.0,250.0,0.0,1.0,0.0,326.0
SRR5983422,D003424,4.1,0.0,0.0,43.0,3902.0,0.0,1.0,0.0,1806.0,2.0,0.0,0.0,26.0,0.0,1.0,0.0,3.0
SRR5983423,D003093,4.1,0.0,0.0,5.0,36.0,0.0,0.0,0.0,23.0,3.0,0.0,0.0,4.0,0.0,0.0,0.0,1.0
SRR5983424,D006262,4.1,0.0,0.0,116.0,1742.0,0.0,4.0,0.0,2675.0,0.0,0.0,0.0,78.0,0.0,0.0,0.0,396.0
SRR5983425,D006262,4.1,0.0,2.0,574.0,787.0,1.0,2.0,0.0,3332.0,1.0,0.0,0.0,1156.0,0.0,0.0,0.0,472.0
SRR5983426,D003093,4.1,0.0,0.0,14.0,429.0,0.0,0.0,0.0,247.0,10.0,0.0,0.0,39.0,0.0,0.0,0.0,0.0
SRR5983427,D003424,4.1,0.0,0.0,163.0,5401.0,1.0,0.0,0.0,3042.0,38.0,0.0,0.0,188.0,1.0,3.0,0.0,12.0
SRR5983428,D003424,4.1,0.0,0.0,276.0,7704.0,0.0,8.0,0.0,7125.0,3.0,0.0,0.0,39.0,0.0,0.0,1.0,9.0
SRR5983429,D006262,4.1,0.0,1.0,72.0,13079.0,3.0,90.0,0.0,7545.0,6.0,0.0,0.0,216.0,1.0,0.0,2.0,53.0
SRR5983430,D006262,4.1,0.0,0.0,80.0,8082.0,0.0,0.0,0.0,1919.0,14.0,0.0,0.0,543.0,2.0,0.0,176.0,346.0
SRR5983431,D003093,4.1,0.0,1.0,30.0,1071.0,0.0,3.0,0.0,842.0,71.0,0.0,0.0,79.0,0.0,0.0,0.0,2.0
SRR5983432,D006262,4.1,0.0,0.0,165.0,7823.0,1.0,5.0,0.0,4388.0,7.0,0.0,0.0,20.0,1.0,1.0,0.0,20.0
SRR5983433,D006262,4.1,0.0,0.0,107.0,3539.0,1.0,0.0,0.0,2522.0,0.0,0.0,0.0,299.0,1.0,0.0,2.0,78.0
SRR5983434,D003424,4.1,0.0,1.0,83.0,2875.0,1.0,4.0,0.0,3185.0,1.0,0.0,0.0,193.0,0.0,0.0,0.0,3.0
SRR5983435,D006262,4.1,0.0,0.0,308.0,4234.0,0.0,11.0,0.0,4737.0,0.0,0.0,1.0,371.0,3.0,0.0,0.0,630.0
SRR5983436,D003424,4.1,0.0,0.0,14.0,5135.0,0.0,0.0,0.0,782.0,0.0,0.0,0.0,52.0,0.0,0.0,0.0,82.0
SRR5983437,D003093,4.1,0.0,2.0,305.0,2653.0,0.0,2.0,2.0,8288.0,1.0,0.0,0.0,454.0,0.0,0.0,3.0,22.0
SRR5983438,D006262,4.1,0.0,0.0,1131.0,5508.0,0.0,2.0,1.0,7398.0,1.0,0.0,0.0,169.0,1.0,0.0,3.0,8.0
SRR5983439,D003424,4.1,0.0,0.0,49.0,5633.0,0.0,2.0,0.0,2111.0,2.0,0.0,0.0,339.0,3.0,0.0,0.0,7.0
SRR5983440,D003093,4.1,0.0,2.0,888.0,3476.0,1.0,4.0,0.0,5062.0,3.0,0.0,0.0,221.0,2.0,0.0,1.0,29.0
SRR5983441,D003424,4.1,0.0,1.0,128.0,7633.0,1.0,6.0,0.0,4402.0,1.0,0.0,0.0,352.0,1.0,0.0,0.0,15.0
SRR5983442,D003093,4.1,0.0,0.0,18.0,249.0,0.0,0.0,0.0,345.0,1.0,0.0,0.0,18.0,0.0,0.0,0.0,1.0
SRR5983443,D003093,4.1,0.0,0.0,417.0,835.0,1.0,1.0,0.0,1952.0,0.0,0.0,0.0,46.0,1.0,0.0,1.0,9.0
SRR5983444,D003424,4.1,0.0,0.0,80.0,4716.0,3.0,2.0,0.0,4190.0,0.0,90.0,0.0,288.0,0.0,1.0,0.0,9.0
SRR5983445,D003093,4.1,0.0,0.0,245.0,1424.0,0.0,3.0,0.0,3059.0,7.0,0.0,0.0,160.0,0.0,0.0,3.0,15.0
SRR5983446,D003093,4.1,0.0,0.0,49.0,8235.0,0.0,0.0,1.0,2203.0,4.0,0.0,0.0,20.0,0.0,0.0,0.0,8.0
SRR5983447,D003093,4.1,0.0,0.0,303.0,3902.0,0.0,4.0,0.0,8595.0,7.0,0.0,0.0,410.0,1.0,0.0,1.0,23.0
SRR5983448,D003093,4.1,0.0,1.0,324.0,2774.0,2.0,0.0,0.0,8000.0,4.0,0.0,0.0,264.0,0.0,0.0,1.0,42.0
SRR5983449,D006262,4.1,0.0,2.0,387.0,11426.0,0.0,13.0,0.0,11106.0,0.0,0.0,0.0,134.0,2.0,0.0,1.0,25.0
SRR5983450,D003424,4.1,0.0,0.0,52.0,6013.0,2.0,151.0,0.0,3169.0,1.0,0.0,0.0,545.0,1.0,1.0,0.0,11.0
SRR5983451,D006262,4.1,0.0,3.0,387.0,1277.0,0.0,0.0,0.0,7329.0,1.0,0.0,0.0,2206.0,0.0,2.0,0.0,390.0
SRR5983452,D003424,4.1,0.0,3.0,331.0,16125.0,12.0,2.0,0.0,10948.0,1137.0,0.0,0.0,2080.0,2.0,0.0,1.0,14.0
SRR5983453,D006262,4.1,0.0,0.0,236.0,12123.0,2.0,4.0,0.0,5297.0,0.0,0.0,0.0,166.0,0.0,0.0,1.0,94.0
SRR5983454,D006262,4.1,0.0,0.0,301.0,9137.0,5.0,5.0,0.0,8308.0,0.0,0.0,0.0,232.0,1.0,0.0,1.0,9.0
SRR5983455,D006262,4.1,0.0,1.0,467.0,3343.0,2.0,3.0,0.0,7309.0,3.0,0.0,1.0,1332.0,0.0,0.0,0.0,525.0
SRR5983456,D006262,4.1,0.0,0.0,358.0,4160.0,1.0,3.0,0.0,9051.0,0.0,0.0,0.0,500.0,1.0,0.0,0.0,719.0
SRR5983457,D003093,4.1,0.0,0.0,505.0,5765.0,2.0,4.0,0.0,7316.0,1.0,0.0,0.0,187.0,0.0,0.0,0.0,10.0
SRR5983458,D003093,4.1,0.0,1.0,175.0,22894.0,2.0,3.0,0.0,8160.0,317.0,0.0,0.0,464.0,7.0,0.0,3.0,382.0
SRR5983459,D003424,4.1,0.0,0.0,13.0,20.0,0.0,0.0,0.0,4173.0,0.0,0.0,0.0,706.0,0.0,1.0,4.0,1.0
SRR5983460,D003424,4.1,0.0,1.0,57.0,6018.0,1.0,0.0,0.0,7832.0,4.0,0.0,0.0,22.0,0.0,0.0,1.0,1.0
SRR5983461,D006262,4.1,0.0,1.0,356.0,8528.0,1.0,9.0,0.0,10851.0,6.0,0.0,0.0,229.0,1.0,0.0,0.0,27.0
SRR5983462,D003424,4.1,0.0,0.0,225.0,5034.0,0.0,7.0,0.0,5900.0,9.0,0.0,0.0,272.0,0.0,0.0,0.0,9.0
SRR5983463,D003424,4.1,0.0,1.0,843.0,7158.0,1.0,15.0,1.0,22781.0,3.0,0.0,0.0,167.0,1.0,13.0,8.0,31.0
SRR5983464,D003424,4.1,0.0,0.0,238.0,3846.0,2.0,4.0,0.0,3472.0,1.0,0.0,0.0,143.0,0.0,0.0,2.0,7.0
SRR5983465,D003093,4.1,0.0,0.0,33.0,81.0,0.0,0.0,0.0,430.0,0.0,0.0,0.0,18.0,0.0,0.0,1.0,3.0
SRR5983466,D003093,4.1,0.0,0.0,192.0,4054.0,1.0,0.0,0.0,3162.0,6.0,0.0,0.0,264.0,1.0,0.0,0.0,3.0
SRR5983467,D003424,4.1,0.0,0.0,52.0,2560.0,0.0,1.0,0.0,1760.0,1.0,0.0,0.0,102.0,0.0,0.0,0.0,3.0
SRR5983468,D003424,4.1,0.0,0.0,195.0,6637.0,0.0,5.0,0.0,5612.0,0.0,0.0,0.0,188.0,0.0,0.0,2.0,10.0
SRR5983469,D003424,4.1,0.0,4.0,65.0,7247.0,0.0,5.0,0.0,5328.0,2.0,73.0,0.0,326.0,1.0,2.0,3.0,8.0
SRR5983470,D003424,4.1,0.0,0.0,53.0,799.0,0.0,2.0,0.0,2354.0,1.0,0.0,0.0,258.0,0.0,0.0,1.0,6.0
SRR5983471,D003424,4.1,0.0,1.0,10.0,8149.0,0.0,0.0,0.0,2713.0,1.0,5.0,0.0,216.0,1.0,0.0,67.0,4.0
SRR5983472,D003424,4.1,0.0,2.0,225.0,1417.0,1.0,5.0,0.0,10494.0,7.0,0.0,0.0,1840.0,0.0,2.0,1.0,83.0
SRR5983473,D006262,4.1,0.0,1.0,606.0,14388.0,0.0,6.0,0.0,6396.0,1.0,0.0,0.0,462.0,0.0,0.0,0.0,298.0
SRR5983474,D003424,4.1,0.0,0.0,88.0,4297.0,0.0,0.0,0.0,1885.0,0.0,0.0,0.0,146.0,2.0,0.0,1.0,6.0
SRR5983475,D003424,4.1,0.0,0.0,32.0,4888.0,0.0,0.0,0.0,1343.0,0.0,0.0,0.0,302.0,0.0,0.0,0.0,5.0
SRR5983476,D006262,4.1,0.0,10.0,153.0,2628.0,1.0,2.0,0.0,4457.0,1.0,0.0,0.0,169.0,2.0,0.0,0.0,13.0
SRR5983477,D003424,4.1,0.0,4.0,502.0,8433.0,9.0,4.0,0.0,13270.0,4.0,0.0,0.0,1573.0,2.0,1.0,0.0,32.0
SRR5983478,D006262,4.1,0.0,0.0,171.0,13672.0,0.0,5.0,0.0,5218.0,0.0,0.0,0.0,128.0,2.0,0.0,0.0,48.0
SRR5983479,D003424,4.1,0.0,0.0,229.0,330.0,3.0,0.0,2.0,5615.0,4.0,0.0,0.0,275.0,0.0,2.0,0.0,2.0
SRR5983480,D003424,4.1,0.0,0.0,253.0,5022.0,9.0,2.0,0.0,8931.0,6.0,0.0,0.0,1332.0,0.0,0.0,2.0,130.0
SRR5983481,D006262,4.1,0.0,1.0,332.0,6260.0,0.0,0.0,0.0,3487.0,3.0,0.0,0.0,349.0,0.0,0.0,0.0,1956.0
SRR5983482,D006262,4.1,0.0,2.0,284.0,2641.0,6.0,4.0,0.0,10571.0,2.0,0.0,0.0,477.0,1.0,0.0,142.0,133.0
SRR5983483,D003093,4.1,0.0,0.0,604.0,1617.0,1.0,3.0,0.0,9920.0,5.0,0.0,0.0,183.0,0.0,0.0,0.0,14.0
SRR5983484,D006262,4.1,0.0,0.0,2.0,465.0,0.0,0.0,0.0,94.0,0.0,0.0,0.0,0.0,0.0,0.0,0.0,0.0
SRR5983485,D006262,4.1,0.0,0.0,482.0,4894.0,3.0,5.0,0.0,11584.0,1.0,0.0,0.0,805.0,2.0,0.0,0.0,173.0
ERR209057,D006262,3,0.0,0.0,1.0,22.0,0.0,0.0,0.0,61.0,0.0,0.0,0.0,4.0,0.0,0.0,0.0,4.0
ERR209058,D006262,3,0.0,0.0,1.0,47.0,0.0,0.0,0.0,154.0,0.0,0.0,0.0,2.0,0.0,0.0,0.0,1.0
ERR209060,D006262,3,0.0,0.0,5.0,292.0,0.0,0.0,0.0,667.0,0.0,0.0,0.0,13.0,0.0,0.0,1.0,0.0
ERR209061,D006262,3,0.0,0.0,1.0,73.0,0.0,0.0,0.0,144.0,0.0,0.0,0.0,4.0,0.0,0.0,0.0,0.0
ERR209069,D006262,3,0.0,0.0,0.0,5.0,0.0,0.0,0.0,2.0,0.0,0.0,0.0,0.0,0.0,0.0,0.0,0.0
ERR209070,D006262,3,0.0,0.0,0.0,11.0,0.0,0.0,0.0,8.0,0.0,0.0,0.0,1.0,0.0,0.0,0.0,0.0
ERR209071,D006262,3,0.0,0.0,0.0,13.0,0.0,1.0,0.0,12.0,0.0,0.0,0.0,0.0,0.0,0.0,0.0,0.0
ERR209072,D006262,3,0.0,0.0,1.0,16.0,0.0,0.0,0.0,13.0,0.0,0.0,0.0,1.0,0.0,0.0,0.0,0.0
ERR209077,D006262,3,0.0,0.0,2.0,194.0,0.0,0.0,0.0,245.0,0.0,1.0,0.0,12.0,0.0,0.0,14.0,4.0
ERR209078,D006262,3,0.0,0.0,1.0,39.0,0.0,0.0,0.0,85.0,0.0,0.0,0.0,0.0,0.0,0.0,5.0,0.0
ERR209082,D006262,3,7.0,0.0,8.0,797.0,0.0,26.0,0.0,1282.0,0.0,9.0,0.0,86.0,0.0,0.0,31.0,21.0
ERR209083,D006262,3,0.0,0.0,0.0,7.0,0.0,0.0,0.0,16.0,0.0,0.0,0.0,2.0,0.0,0.0,0.0,0.0
ERR209084,D006262,3,0.0,0.0,0.0,2.0,0.0,0.0,0.0,3.0,0.0,0.0,0.0,0.0,0.0,0.0,1.0,0.0
ERR209085,D006262,3,7.0,0.0,44.0,1006.0,0.0,0.0,0.0,2743.0,0.0,7.0,0.0,97.0,0.0,0.0,89.0,29.0
ERR209086,D006262,3,2.0,0.0,3.0,323.0,0.0,0.0,0.0,1026.0,0.0,0.0,0.0,17.0,0.0,0.0,52.0,8.0
ERR209087,D006262,3,0.0,0.0,0.0,1.0,0.0,0.0,0.0,3.0,0.0,0.0,0.0,0.0,0.0,0.0,0.0,0.0
ERR209088,D006262,3,14.0,0.0,27.0,1307.0,0.0,5.0,0.0,4123.0,0.0,8.0,0.0,105.0,0.0,0.0,175.0,50.0
ERR209089,D006262,3,14.0,0.0,24.0,1077.0,0.0,2.0,0.0,3476.0,0.0,9.0,0.0,82.0,0.0,0.0,176.0,22.0
ERR209090,D006262,3,0.0,0.0,0.0,1.0,0.0,0.0,0.0,2.0,0.0,0.0,0.0,0.0,0.0,0.0,0.0,0.0
ERR209091,D006262,3,0.0,0.0,0.0,1.0,0.0,0.0,0.0,4.0,0.0,0.0,0.0,0.0,0.0,0.0,0.0,0.0
ERR209094,D006262,3,0.0,0.0,10.0,914.0,0.0,1.0,0.0,2562.0,0.0,0.0,0.0,683.0,0.0,0.0,102.0,0.0
ERR209095,D006262,3,0.0,0.0,2.0,361.0,0.0,1.0,0.0,955.0,0.0,1.0,0.0,196.0,0.0,0.0,40.0,0.0
ERR209096,D006262,3,0.0,0.0,0.0,1.0,0.0,0.0,0.0,1.0,0.0,0.0,0.0,0.0,0.0,0.0,0.0,0.0
ERR209099,D006262,3,0.0,0.0,15.0,1851.0,0.0,3.0,0.0,1961.0,0.0,1.0,0.0,155.0,0.0,0.0,16.0,0.0
ERR209100,D006262,3,0.0,0.0,3.0,519.0,0.0,0.0,0.0,582.0,0.0,0.0,0.0,33.0,0.0,0.0,5.0,0.0
ERR209101,D006262,3,0.0,0.0,0.0,1.0,0.0,0.0,0.0,3.0,0.0,0.0,0.0,0.0,0.0,0.0,0.0,0.0
ERR209108,D006262,3,0.0,0.0,0.0,2.0,0.0,0.0,0.0,2.0,0.0,0.0,0.0,0.0,0.0,0.0,0.0,0.0
ERR209110,D006262,3,0.0,0.0,2.0,138.0,0.0,49.0,0.0,431.0,0.0,1.0,0.0,43.0,0.0,0.0,6.0,1.0
ERR209111,D006262,3,0.0,0.0,0.0,0.0,0.0,1.0,0.0,1.0,0.0,0.0,0.0,0.0,0.0,0.0,0.0,0.0
ERR209116,D006262,3,2.0,0.0,3.0,540.0,0.0,1.0,0.0,1431.0,0.0,0.0,0.0,1.0,0.0,0.0,95.0,1.0
ERR209118,D006262,3,0.0,0.0,5.0,104.0,0.0,0.0,0.0,314.0,0.0,1.0,0.0,35.0,1.0,0.0,1.0,4.0
ERR209120,D006262,3,0.0,0.0,0.0,5.0,0.0,0.0,0.0,7.0,0.0,0.0,0.0,0.0,0.0,0.0,0.0,0.0
ERR209121,D006262,3,0.0,0.0,0.0,2.0,0.0,0.0,0.0,2.0,0.0,0.0,0.0,0.0,0.0,0.0,0.0,0.0
ERR209124,D006262,3,2.0,0.0,16.0,1318.0,0.0,104.0,0.0,2472.0,0.0,6.0,0.0,223.0,0.0,2.0,143.0,7.0
ERR209126,D006262,3,0.0,0.0,0.0,16.0,0.0,0.0,0.0,73.0,0.0,0.0,0.0,1.0,0.0,0.0,8.0,0.0
ERR209128,D006262,3,1.0,0.0,3.0,236.0,0.0,0.0,0.0,643.0,0.0,1.0,0.0,12.0,0.0,0.0,48.0,1.0
ERR209130,D006262,3,0.0,0.0,0.0,175.0,0.0,1.0,0.0,100.0,0.0,0.0,0.0,3.0,0.0,0.0,0.0,0.0
ERR209132,D006262,3,0.0,0.0,0.0,30.0,0.0,0.0,0.0,60.0,0.0,0.0,0.0,7.0,0.0,0.0,2.0,0.0
ERR209133,D006262,3,0.0,0.0,0.0,0.0,0.0,0.0,0.0,1.0,0.0,0.0,0.0,0.0,0.0,0.0,0.0,0.0
ERR209136,D006262,3,0.0,0.0,3.0,251.0,0.0,2.0,0.0,1084.0,0.0,0.0,0.0,46.0,0.0,0.0,112.0,6.0
ERR209138,D006262,3,0.0,0.0,0.0,1.0,0.0,0.0,0.0,1.0,0.0,0.0,0.0,0.0,0.0,0.0,0.0,0.0
ERR209140,D006262,3,0.0,0.0,0.0,13.0,0.0,0.0,0.0,27.0,0.0,0.0,0.0,0.0,0.0,0.0,0.0,0.0
ERR209142,D006262,3,0.0,0.0,0.0,0.0,0.0,0.0,0.0,3.0,0.0,0.0,0.0,0.0,0.0,0.0,0.0,0.0
ERR209144,D006262,3,0.0,0.0,0.0,0.0,0.0,0.0,0.0,4.0,0.0,0.0,0.0,0.0,0.0,0.0,0.0,0.0
ERR209146,D006262,3,0.0,0.0,13.0,1013.0,1.0,21.0,0.0,2926.0,0.0,0.0,0.0,189.0,0.0,0.0,337.0,11.0
ERR209147,D006262,3,0.0,0.0,0.0,1.0,0.0,0.0,0.0,1.0,0.0,0.0,0.0,0.0,0.0,0.0,0.0,0.0
ERR209148,D006262,3,0.0,0.0,27.0,464.0,0.0,0.0,0.0,874.0,0.0,0.0,0.0,48.0,0.0,0.0,0.0,0.0
ERR209150,D006262,3,0.0,0.0,0.0,2.0,0.0,0.0,0.0,2.0,0.0,0.0,0.0,0.0,0.0,0.0,0.0,0.0
ERR209151,D006262,3,0.0,0.0,0.0,1.0,0.0,0.0,0.0,4.0,0.0,0.0,0.0,0.0,0.0,0.0,0.0,0.0
ERR209152,D006262,3,0.0,0.0,0.0,84.0,0.0,9.0,0.0,184.0,0.0,0.0,0.0,0.0,0.0,0.0,5.0,1.0
ERR209153,D006262,3,0.0,0.0,0.0,1.0,0.0,0.0,0.0,0.0,0.0,0.0,0.0,0.0,0.0,0.0,0.0,0.0
ERR209154,D006262,3,0.0,0.0,1.0,304.0,0.0,0.0,0.0,968.0,0.0,1.0,0.0,20.0,0.0,0.0,68.0,0.0
ERR209156,D006262,3,0.0,0.0,2.0,639.0,0.0,1.0,0.0,1348.0,1.0,0.0,0.0,32.0,0.0,0.0,0.0,2.0
ERR209157,D006262,3,0.0,0.0,0.0,0.0,0.0,0.0,0.0,1.0,0.0,0.0,0.0,0.0,0.0,0.0,0.0,0.0
ERR209158,D006262,3,0.0,0.0,0.0,35.0,0.0,0.0,0.0,36.0,0.0,0.0,0.0,0.0,0.0,0.0,0.0,0.0
ERR209160,D006262,3,0.0,1.0,6.0,780.0,0.0,10.0,82.0,583.0,0.0,0.0,0.0,85.0,0.0,0.0,0.0,0.0
ERR209161,D006262,3,0.0,0.0,0.0,0.0,0.0,0.0,0.0,1.0,0.0,0.0,0.0,0.0,0.0,0.0,0.0,0.0
ERR209162,D006262,3,0.0,0.0,0.0,4.0,0.0,0.0,0.0,32.0,0.0,0.0,0.0,1.0,0.0,0.0,2.0,0.0
ERR209164,D006262,3,0.0,0.0,3.0,1123.0,0.0,0.0,0.0,692.0,0.0,0.0,0.0,20.0,0.0,0.0,0.0,0.0
ERR209165,D006262,3,0.0,0.0,0.0,1.0,0.0,0.0,0.0,0.0,0.0,0.0,0.0,1.0,0.0,0.0,0.0,0.0
ERR209166,D006262,3,0.0,0.0,3.0,236.0,0.0,0.0,0.0,463.0,0.0,2.0,1.0,8.0,0.0,0.0,8.0,2.0
ERR209167,D006262,3,0.0,0.0,0.0,0.0,0.0,0.0,0.0,1.0,0.0,0.0,0.0,0.0,0.0,0.0,0.0,0.0
ERR209168,D006262,3,0.0,0.0,0.0,18.0,0.0,0.0,0.0,46.0,0.0,0.0,0.0,0.0,0.0,0.0,0.0,1.0
ERR209170,D006262,3,0.0,0.0,3.0,426.0,0.0,1.0,0.0,563.0,0.0,1.0,0.0,48.0,0.0,0.0,16.0,0.0
ERR209171,D006262,3,0.0,0.0,0.0,5.0,0.0,0.0,0.0,4.0,0.0,0.0,0.0,2.0,0.0,0.0,0.0,0.0
ERR209172,D006262,3,0.0,1.0,20.0,972.0,0.0,26.0,0.0,2074.0,0.0,1.0,0.0,231.0,0.0,0.0,103.0,3.0
ERR209173,D006262,3,0.0,0.0,0.0,1.0,0.0,0.0,0.0,3.0,0.0,0.0,0.0,0.0,0.0,0.0,0.0,0.0
ERR209174,D006262,3,0.0,0.0,12.0,628.0,1.0,3.0,0.0,2145.0,0.0,9.0,0.0,63.0,0.0,0.0,151.0,69.0
ERR209175,D006262,3,0.0,0.0,0.0,0.0,0.0,0.0,0.0,2.0,0.0,0.0,0.0,0.0,0.0,0.0,0.0,0.0
ERR209176,D006262,3,2.0,0.0,5.0,1160.0,0.0,23.0,0.0,1305.0,0.0,1.0,0.0,78.0,0.0,0.0,39.0,0.0
ERR209177,D006262,3,0.0,0.0,0.0,0.0,0.0,0.0,0.0,0.0,0.0,0.0,0.0,0.0,0.0,0.0,0.0,0.0
ERR209178,D006262,3,0.0,0.0,0.0,0.0,0.0,0.0,0.0,3.0,0.0,0.0,0.0,1.0,0.0,0.0,0.0,0.0
ERR209179,D006262,3,0.0,0.0,0.0,1.0,0.0,1.0,0.0,2.0,0.0,0.0,0.0,0.0,0.0,0.0,0.0,0.0
ERR209180,D006262,3,0.0,0.0,2.0,855.0,0.0,1.0,0.0,475.0,0.0,0.0,0.0,39.0,0.0,0.0,6.0,0.0
ERR209181,D006262,3,0.0,0.0,0.0,2.0,0.0,0.0,0.0,0.0,0.0,0.0,0.0,0.0,0.0,0.0,0.0,0.0
ERR209182,D006262,3,0.0,0.0,0.0,15.0,0.0,0.0,0.0,27.0,0.0,0.0,0.0,3.0,0.0,0.0,0.0,0.0
ERR209183,D006262,3,0.0,0.0,0.0,2.0,0.0,0.0,0.0,1.0,0.0,0.0,0.0,0.0,0.0,0.0,0.0,0.0
ERR209184,D006262,3,0.0,0.0,0.0,23.0,0.0,1.0,0.0,80.0,0.0,0.0,0.0,4.0,0.0,0.0,2.0,0.0
ERR209185,D006262,3,0.0,0.0,0.0,0.0,0.0,0.0,0.0,5.0,0.0,0.0,0.0,1.0,0.0,0.0,0.0,0.0
ERR209186,D006262,3,0.0,0.0,1.0,179.0,0.0,3.0,0.0,1217.0,0.0,1.0,0.0,20.0,0.0,0.0,32.0,33.0
ERR209187,D006262,3,0.0,0.0,0.0,0.0,0.0,0.0,0.0,2.0,0.0,0.0,0.0,0.0,0.0,0.0,0.0,0.0
ERR209188,D006262,3,0.0,1.0,0.0,783.0,0.0,1.0,0.0,656.0,0.0,0.0,0.0,39.0,0.0,0.0,0.0,0.0
ERR209190,D006262,3,0.0,0.0,7.0,151.0,0.0,1.0,0.0,705.0,1.0,2.0,0.0,12.0,0.0,0.0,1.0,0.0
ERR209191,D006262,3,0.0,0.0,0.0,1.0,0.0,0.0,0.0,1.0,0.0,0.0,0.0,0.0,0.0,0.0,0.0,0.0
ERR209192,D006262,3,0.0,0.0,2.0,441.0,0.0,1.0,0.0,446.0,0.0,0.0,0.0,11.0,5.0,0.0,13.0,4.0
ERR209194,D006262,3,0.0,0.0,0.0,307.0,0.0,0.0,0.0,271.0,0.0,0.0,0.0,3.0,0.0,0.0,4.0,2.0
ERR209196,D006262,3,2.0,0.0,0.0,139.0,0.0,26.0,0.0,419.0,0.0,2.0,0.0,8.0,0.0,0.0,135.0,0.0
ERR209198,D006262,3,1.0,0.0,3.0,101.0,0.0,3.0,0.0,263.0,0.0,0.0,0.0,12.0,0.0,0.0,23.0,5.0
ERR209200,D006262,3,0.0,0.0,3.0,466.0,0.0,68.0,0.0,569.0,0.0,0.0,0.0,32.0,0.0,0.0,0.0,0.0
ERR209202,D006262,3,0.0,0.0,0.0,184.0,0.0,0.0,0.0,204.0,0.0,0.0,0.0,16.0,0.0,0.0,0.0,1.0
ERR209204,D006262,3,0.0,1.0,30.0,622.0,0.0,8.0,0.0,2033.0,0.0,0.0,0.0,45.0,0.0,0.0,41.0,0.0
ERR209205,D006262,3,0.0,0.0,0.0,40.0,0.0,3.0,0.0,105.0,0.0,0.0,0.0,0.0,0.0,0.0,3.0,0.0
ERR209206,D006262,3,0.0,0.0,0.0,1.0,0.0,0.0,0.0,2.0,0.0,0.0,0.0,0.0,0.0,0.0,0.0,0.0
ERR209207,D006262,3,0.0,0.0,1.0,150.0,0.0,1.0,0.0,432.0,0.0,1.0,0.0,36.0,0.0,0.0,80.0,0.0
ERR209209,D006262,3,0.0,0.0,10.0,341.0,0.0,0.0,0.0,1349.0,0.0,0.0,0.0,19.0,0.0,0.0,6.0,4.0
ERR209213,D006262,3,0.0,0.0,1.0,443.0,0.0,2.0,0.0,495.0,1.0,0.0,0.0,37.0,0.0,0.0,0.0,0.0
ERR209215,D006262,3,0.0,0.0,0.0,127.0,0.0,2.0,0.0,163.0,0.0,0.0,0.0,15.0,0.0,0.0,0.0,0.0
ERR209216,D006262,3,0.0,0.0,0.0,1.0,0.0,0.0,0.0,1.0,0.0,0.0,0.0,0.0,0.0,0.0,0.0,0.0
ERR209217,D006262,3,1.0,0.0,2.0,221.0,0.0,3.0,0.0,764.0,0.0,1.0,0.0,25.0,0.0,0.0,37.0,0.0
ERR209218,D006262,3,0.0,0.0,0.0,1.0,0.0,0.0,0.0,2.0,0.0,0.0,0.0,0.0,0.0,0.0,0.0,0.0
ERR209219,D006262,3,1.0,0.0,2.0,631.0,0.0,23.0,0.0,1567.0,2.0,0.0,0.0,46.0,0.0,0.0,86.0,4.0
ERR209220,D006262,3,0.0,0.0,0.0,0.0,0.0,0.0,0.0,1.0,0.0,0.0,0.0,0.0,0.0,0.0,0.0,0.0
ERR209221,D006262,3,0.0,0.0,6.0,512.0,0.0,23.0,0.0,1160.0,0.0,1.0,0.0,14.0,0.0,0.0,125.0,0.0
ERR209223,D006262,3,0.0,0.0,0.0,478.0,0.0,0.0,0.0,220.0,0.0,0.0,0.0,8.0,0.0,0.0,9.0,0.0
ERR209225,D006262,3,9.0,0.0,1.0,941.0,0.0,2.0,0.0,2026.0,0.0,5.0,0.0,188.0,0.0,3.0,225.0,9.0
ERR209227,D006262,3,0.0,0.0,0.0,13.0,0.0,0.0,0.0,28.0,0.0,0.0,0.0,0.0,0.0,0.0,0.0,0.0
ERR209228,D006262,3,0.0,0.0,0.0,0.0,0.0,0.0,0.0,0.0,0.0,0.0,0.0,1.0,0.0,0.0,0.0,0.0
ERR209229,D006262,3,1.0,0.0,6.0,1109.0,0.0,7.0,0.0,2956.0,0.0,7.0,0.0,133.0,0.0,0.0,397.0,6.0
ERR209231,D006262,3,0.0,0.0,3.0,295.0,0.0,6.0,0.0,1146.0,0.0,1.0,0.0,34.0,0.0,1.0,33.0,0.0
ERR209232,D006262,3,0.0,0.0,0.0,0.0,0.0,0.0,0.0,1.0,0.0,0.0,0.0,0.0,0.0,0.0,0.0,0.0
ERR209233,D006262,3,0.0,0.0,8.0,365.0,0.0,4.0,0.0,975.0,0.0,1.0,0.0,28.0,0.0,0.0,0.0,0.0
ERR209234,D006262,3,0.0,0.0,0.0,3.0,0.0,0.0,0.0,3.0,0.0,0.0,0.0,0.0,0.0,0.0,0.0,0.0
ERR209235,D006262,3,0.0,0.0,0.0,3.0,0.0,0.0,0.0,1.0,0.0,0.0,0.0,0.0,0.0,0.0,0.0,0.0
ERR209236,D006262,3,0.0,0.0,0.0,0.0,0.0,0.0,0.0,0.0,0.0,0.0,0.0,1.0,0.0,0.0,0.0,0.0
ERR209237,D006262,3,0.0,0.0,3.0,594.0,0.0,0.0,0.0,530.0,0.0,0.0,0.0,17.0,0.0,0.0,3.0,0.0
ERR209239,D006262,3,0.0,0.0,0.0,6.0,0.0,2.0,0.0,36.0,0.0,0.0,0.0,1.0,0.0,0.0,0.0,0.0
ERR209240,D006262,3,0.0,0.0,0.0,4.0,0.0,0.0,0.0,13.0,0.0,0.0,0.0,1.0,0.0,0.0,0.0,0.0
ERR209243,D006262,3,0.0,0.0,0.0,2.0,0.0,0.0,0.0,1.0,0.0,0.0,0.0,0.0,0.0,0.0,0.0,0.0
ERR209244,D006262,3,0.0,0.0,0.0,1.0,0.0,0.0,0.0,1.0,0.0,0.0,0.0,0.0,0.0,0.0,0.0,0.0
ERR209247,D006262,3,0.0,0.0,0.0,0.0,0.0,0.0,0.0,0.0,0.0,0.0,0.0,0.0,0.0,0.0,0.0,0.0
ERR209248,D006262,3,0.0,0.0,0.0,0.0,0.0,0.0,0.0,1.0,0.0,0.0,0.0,0.0,0.0,0.0,0.0,0.0
ERR209249,D006262,3,0.0,0.0,0.0,1.0,0.0,0.0,0.0,0.0,0.0,0.0,0.0,0.0,0.0,0.0,0.0,0.0
ERR209250,D006262,3,0.0,0.0,0.0,0.0,0.0,0.0,0.0,0.0,0.0,0.0,0.0,0.0,0.0,0.0,1.0,0.0
ERR209251,D006262,3,0.0,0.0,0.0,0.0,0.0,0.0,0.0,1.0,0.0,0.0,0.0,0.0,0.0,0.0,0.0,0.0
ERR209252,D006262,3,0.0,0.0,0.0,2.0,0.0,0.0,0.0,1.0,0.0,0.0,0.0,0.0,0.0,0.0,0.0,0.0
ERR209253,D006262,3,0.0,0.0,0.0,1.0,0.0,0.0,0.0,0.0,0.0,0.0,0.0,0.0,0.0,0.0,0.0,0.0
ERR209254,D006262,3,0.0,0.0,0.0,0.0,0.0,0.0,0.0,2.0,0.0,0.0,0.0,0.0,0.0,0.0,0.0,0.0
ERR209255,D006262,3,0.0,0.0,0.0,0.0,0.0,0.0,0.0,1.0,0.0,0.0,0.0,0.0,0.0,0.0,0.0,0.0
ERR209256,D006262,3,0.0,0.0,0.0,0.0,0.0,0.0,0.0,0.0,0.0,0.0,0.0,0.0,0.0,0.0,0.0,0.0
ERR209269,D006262,3,0.0,0.0,0.0,0.0,0.0,0.0,0.0,1.0,0.0,0.0,0.0,0.0,0.0,0.0,0.0,0.0
ERR209270,D006262,3,0.0,0.0,0.0,0.0,0.0,0.0,0.0,1.0,0.0,0.0,0.0,0.0,0.0,0.0,0.0,0.0
ERR209272,D006262,3,0.0,0.0,0.0,1.0,0.0,0.0,0.0,0.0,0.0,0.0,0.0,0.0,0.0,0.0,0.0,0.0
ERR209273,D006262,3,0.0,0.0,0.0,0.0,0.0,0.0,0.0,1.0,0.0,0.0,0.0,0.0,0.0,0.0,0.0,0.0
ERR209274,D006262,3,0.0,0.0,0.0,1.0,0.0,0.0,0.0,0.0,0.0,0.0,0.0,1.0,0.0,0.0,0.0,0.0
ERR209275,D006262,3,0.0,0.0,0.0,1.0,0.0,0.0,0.0,1.0,0.0,0.0,0.0,0.0,0.0,0.0,0.0,0.0
ERR209276,D006262,3,0.0,0.0,0.0,0.0,0.0,0.0,0.0,0.0,0.0,0.0,0.0,0.0,0.0,0.0,0.0,0.0
ERR209280,D006262,3,0.0,0.0,0.0,0.0,0.0,0.0,0.0,0.0,0.0,0.0,0.0,0.0,0.0,0.0,0.0,0.0
ERR209281,D006262,3,0.0,0.0,0.0,0.0,0.0,0.0,0.0,1.0,0.0,0.0,0.0,0.0,0.0,0.0,0.0,0.0
ERR209283,D006262,3,0.0,0.0,0.0,1.0,0.0,0.0,0.0,0.0,0.0,0.0,0.0,0.0,0.0,0.0,0.0,0.0
ERR209285,D006262,3,0.0,0.0,0.0,1.0,0.0,0.0,0.0,1.0,0.0,0.0,0.0,0.0,0.0,0.0,0.0,0.0
ERR209286,D006262,3,0.0,0.0,0.0,1.0,0.0,0.0,0.0,0.0,0.0,0.0,0.0,0.0,0.0,0.0,0.0,0.0
ERR209292,D006262,3,0.0,0.0,0.0,4.0,0.0,0.0,0.0,2.0,0.0,0.0,0.0,0.0,0.0,0.0,0.0,0.0
ERR209293,D006262,3,0.0,0.0,0.0,0.0,0.0,0.0,0.0,1.0,0.0,0.0,0.0,0.0,0.0,0.0,0.0,0.0
ERR209294,D006262,3,0.0,0.0,0.0,3.0,0.0,0.0,0.0,7.0,0.0,0.0,0.0,0.0,0.0,0.0,1.0,0.0
ERR209295,D006262,3,0.0,0.0,0.0,0.0,0.0,0.0,0.0,1.0,0.0,0.0,0.0,0.0,0.0,0.0,0.0,0.0
ERR209296,D006262,3,0.0,0.0,0.0,1.0,0.0,0.0,0.0,4.0,0.0,0.0,0.0,1.0,0.0,0.0,0.0,0.0
ERR209297,D006262,3,0.0,0.0,0.0,4.0,0.0,0.0,0.0,4.0,0.0,0.0,0.0,0.0,0.0,0.0,0.0,0.0
ERR209298,D006262,3,0.0,0.0,0.0,0.0,0.0,0.0,0.0,3.0,0.0,0.0,0.0,0.0,0.0,0.0,0.0,0.0
ERR209299,D006262,3,0.0,0.0,0.0,0.0,0.0,0.0,0.0,2.0,0.0,0.0,0.0,0.0,0.0,0.0,0.0,0.0
ERR209300,D006262,3,0.0,0.0,0.0,0.0,0.0,0.0,0.0,3.0,0.0,0.0,0.0,1.0,0.0,0.0,1.0,0.0
ERR209302,D006262,3,0.0,0.0,0.0,0.0,0.0,0.0,0.0,3.0,0.0,0.0,0.0,0.0,0.0,0.0,0.0,0.0
ERR209303,D006262,3,0.0,0.0,0.0,0.0,0.0,0.0,0.0,3.0,0.0,0.0,0.0,0.0,0.0,0.0,2.0,0.0
ERR209304,D006262,3,0.0,0.0,0.0,0.0,0.0,0.0,0.0,0.0,0.0,0.0,0.0,0.0,0.0,0.0,0.0,0.0
ERR209305,D006262,3,0.0,0.0,0.0,1.0,0.0,0.0,0.0,3.0,0.0,0.0,0.0,0.0,0.0,0.0,0.0,0.0
ERR209306,D006262,3,0.0,0.0,0.0,0.0,0.0,0.0,0.0,5.0,0.0,0.0,0.0,0.0,0.0,0.0,0.0,0.0
ERR209307,D006262,3,0.0,0.0,0.0,0.0,0.0,0.0,0.0,3.0,0.0,0.0,0.0,0.0,0.0,0.0,0.0,0.0
ERR209308,D006262,3,0.0,0.0,0.0,0.0,0.0,0.0,0.0,6.0,0.0,0.0,0.0,0.0,0.0,0.0,0.0,0.0
ERR209309,D006262,3,0.0,0.0,0.0,0.0,0.0,0.0,0.0,1.0,0.0,0.0,0.0,0.0,0.0,0.0,0.0,0.0
ERR209310,D006262,3,0.0,0.0,0.0,0.0,0.0,0.0,0.0,1.0,0.0,0.0,0.0,0.0,0.0,0.0,0.0,0.0
ERR209311,D006262,3,0.0,0.0,0.0,1.0,0.0,0.0,0.0,1.0,0.0,0.0,0.0,0.0,0.0,0.0,0.0,0.0
ERR209312,D006262,3,0.0,0.0,1.0,0.0,0.0,0.0,0.0,2.0,0.0,0.0,0.0,0.0,0.0,0.0,0.0,0.0
ERR209313,D006262,3,0.0,0.0,0.0,0.0,0.0,0.0,0.0,1.0,0.0,0.0,0.0,0.0,0.0,0.0,0.0,0.0
ERR209315,D006262,3,0.0,0.0,0.0,2.0,0.0,0.0,0.0,4.0,0.0,0.0,0.0,0.0,0.0,0.0,0.0,0.0
ERR209316,D006262,3,0.0,0.0,0.0,4.0,0.0,0.0,0.0,0.0,0.0,0.0,0.0,1.0,0.0,0.0,0.0,0.0
ERR209317,D006262,3,0.0,0.0,0.0,4.0,0.0,0.0,0.0,1.0,0.0,0.0,0.0,0.0,0.0,0.0,0.0,0.0
ERR209318,D006262,3,0.0,0.0,0.0,3.0,0.0,0.0,0.0,2.0,0.0,0.0,0.0,0.0,0.0,0.0,0.0,0.0
ERR209319,D006262,3,0.0,0.0,0.0,1.0,0.0,0.0,0.0,10.0,0.0,0.0,0.0,1.0,0.0,0.0,0.0,0.0
ERR209320,D006262,3,0.0,0.0,0.0,3.0,0.0,0.0,0.0,18.0,0.0,0.0,0.0,0.0,0.0,0.0,0.0,0.0
ERR209321,D006262,3,0.0,0.0,0.0,0.0,0.0,0.0,0.0,5.0,0.0,0.0,0.0,0.0,0.0,0.0,0.0,0.0
ERR209322,D006262,3,0.0,0.0,0.0,3.0,0.0,0.0,0.0,8.0,0.0,0.0,0.0,0.0,0.0,0.0,0.0,0.0
ERR209323,D006262,3,0.0,0.0,0.0,1.0,0.0,0.0,0.0,3.0,0.0,0.0,0.0,0.0,0.0,0.0,0.0,0.0
ERR209324,D006262,3,0.0,0.0,0.0,1.0,0.0,0.0,0.0,5.0,0.0,0.0,0.0,0.0,0.0,0.0,0.0,0.0
ERR209325,D006262,3,0.0,0.0,0.0,0.0,0.0,0.0,0.0,1.0,0.0,0.0,0.0,0.0,0.0,0.0,0.0,0.0
ERR209326,D006262,3,0.0,0.0,0.0,1.0,0.0,0.0,0.0,8.0,0.0,0.0,0.0,0.0,0.0,0.0,0.0,0.0
ERR209327,D006262,3,0.0,0.0,0.0,1.0,0.0,0.0,0.0,1.0,0.0,0.0,0.0,0.0,0.0,0.0,0.0,0.0
ERR209328,D006262,3,0.0,0.0,0.0,3.0,0.0,0.0,0.0,1.0,0.0,0.0,0.0,0.0,0.0,0.0,0.0,0.0
ERR209329,D006262,3,0.0,0.0,0.0,2.0,0.0,0.0,0.0,0.0,0.0,0.0,0.0,0.0,0.0,0.0,0.0,0.0
ERR209330,D006262,3,0.0,0.0,0.0,2.0,0.0,0.0,0.0,2.0,0.0,0.0,0.0,0.0,0.0,0.0,0.0,0.0
ERR209331,D006262,3,0.0,0.0,0.0,5.0,0.0,0.0,0.0,2.0,0.0,0.0,0.0,0.0,0.0,0.0,0.0,0.0
ERR209332,D006262,3,0.0,0.0,0.0,3.0,0.0,0.0,0.0,1.0,0.0,0.0,0.0,0.0,0.0,0.0,0.0,0.0
ERR209333,D006262,3,0.0,0.0,0.0,2.0,0.0,0.0,0.0,1.0,0.0,0.0,0.0,0.0,0.0,0.0,0.0,0.0
ERR209334,D006262,3,0.0,0.0,0.0,3.0,0.0,0.0,0.0,0.0,0.0,0.0,0.0,0.0,0.0,0.0,0.0,0.0
ERR209335,D006262,3,0.0,0.0,0.0,3.0,0.0,0.0,0.0,0.0,0.0,0.0,0.0,0.0,0.0,0.0,0.0,0.0
ERR209336,D006262,3,0.0,0.0,0.0,2.0,0.0,0.0,0.0,0.0,0.0,0.0,0.0,0.0,0.0,0.0,0.0,0.0
ERR209337,D006262,3,0.0,0.0,0.0,1.0,0.0,0.0,0.0,1.0,0.0,0.0,0.0,0.0,0.0,0.0,0.0,0.0
ERR209338,D006262,3,0.0,0.0,0.0,4.0,0.0,0.0,0.0,3.0,0.0,0.0,0.0,0.0,0.0,0.0,0.0,0.0
ERR209341,D006262,3,0.0,0.0,0.0,0.0,0.0,0.0,0.0,1.0,0.0,0.0,0.0,0.0,0.0,0.0,1.0,0.0
ERR209342,D006262,3,0.0,0.0,0.0,1.0,0.0,0.0,0.0,1.0,0.0,0.0,0.0,0.0,0.0,0.0,0.0,0.0
ERR209343,D006262,3,0.0,0.0,0.0,1.0,0.0,0.0,0.0,3.0,0.0,0.0,0.0,0.0,0.0,0.0,0.0,0.0
ERR209344,D006262,3,0.0,0.0,0.0,0.0,0.0,0.0,0.0,2.0,0.0,0.0,0.0,0.0,0.0,0.0,0.0,0.0
ERR209346,D006262,3,0.0,0.0,0.0,0.0,0.0,0.0,0.0,2.0,0.0,0.0,0.0,0.0,0.0,0.0,0.0,0.0
ERR209347,D006262,3,0.0,0.0,0.0,0.0,0.0,0.0,0.0,0.0,0.0,0.0,0.0,0.0,0.0,0.0,0.0,0.0
ERR209349,D006262,3,0.0,0.0,0.0,0.0,0.0,0.0,0.0,0.0,0.0,0.0,0.0,0.0,0.0,0.0,0.0,0.0
ERR209350,D006262,3,0.0,0.0,0.0,0.0,0.0,0.0,0.0,0.0,0.0,0.0,0.0,0.0,0.0,0.0,0.0,0.0
ERR209352,D006262,3,0.0,0.0,0.0,1.0,0.0,0.0,0.0,0.0,0.0,0.0,0.0,0.0,0.0,0.0,0.0,0.0
ERR209353,D006262,3,0.0,0.0,0.0,1.0,0.0,0.0,0.0,0.0,0.0,0.0,0.0,0.0,0.0,0.0,0.0,0.0
ERR209354,D006262,3,0.0,0.0,0.0,0.0,0.0,0.0,0.0,3.0,0.0,0.0,0.0,0.0,0.0,0.0,0.0,0.0
ERR209355,D006262,3,0.0,0.0,0.0,0.0,0.0,0.0,0.0,1.0,0.0,0.0,0.0,0.0,0.0,0.0,0.0,0.0
ERR209357,D006262,3,0.0,0.0,0.0,0.0,0.0,0.0,0.0,4.0,0.0,0.0,0.0,0.0,0.0,0.0,0.0,0.0
ERR209358,D006262,3,0.0,0.0,0.0,0.0,0.0,0.0,0.0,2.0,0.0,0.0,0.0,0.0,0.0,0.0,0.0,0.0
ERR209359,D006262,3,0.0,0.0,0.0,0.0,0.0,0.0,0.0,1.0,0.0,0.0,0.0,0.0,0.0,0.0,0.0,0.0
ERR209360,D006262,3,0.0,0.0,0.0,0.0,0.0,0.0,0.0,2.0,0.0,0.0,0.0,0.0,0.0,0.0,0.0,0.0
ERR209362,D006262,3,0.0,0.0,0.0,2.0,0.0,0.0,0.0,3.0,0.0,0.0,0.0,0.0,0.0,0.0,0.0,0.0
ERR209364,D006262,3,0.0,0.0,0.0,0.0,0.0,0.0,0.0,0.0,0.0,0.0,0.0,1.0,0.0,0.0,0.0,0.0
ERR209365,D006262,3,0.0,0.0,0.0,2.0,0.0,0.0,0.0,0.0,0.0,0.0,0.0,0.0,0.0,0.0,0.0,0.0
ERR209368,D006262,3,0.0,0.0,0.0,1.0,0.0,0.0,0.0,4.0,0.0,0.0,0.0,0.0,0.0,0.0,0.0,0.0
ERR209369,D006262,3,0.0,0.0,0.0,2.0,0.0,1.0,0.0,7.0,0.0,0.0,0.0,0.0,0.0,0.0,2.0,0.0
ERR209370,D006262,3,0.0,0.0,0.0,0.0,0.0,0.0,0.0,2.0,0.0,0.0,0.0,0.0,0.0,0.0,0.0,0.0
ERR209371,D006262,3,0.0,0.0,0.0,1.0,0.0,0.0,0.0,6.0,0.0,0.0,0.0,0.0,0.0,0.0,0.0,0.0
ERR209372,D006262,3,0.0,0.0,0.0,0.0,0.0,0.0,0.0,5.0,0.0,0.0,0.0,0.0,0.0,0.0,0.0,0.0
ERR209375,D006262,3,0.0,0.0,0.0,1.0,0.0,0.0,0.0,1.0,0.0,0.0,0.0,0.0,0.0,0.0,1.0,0.0
ERR209376,D006262,3,0.0,0.0,0.0,0.0,0.0,0.0,0.0,2.0,0.0,0.0,0.0,0.0,0.0,0.0,0.0,0.0
ERR209377,D006262,3,0.0,0.0,0.0,0.0,0.0,0.0,0.0,2.0,0.0,0.0,0.0,0.0,0.0,0.0,1.0,0.0
ERR209379,D006262,3,0.0,0.0,0.0,0.0,0.0,0.0,0.0,1.0,0.0,0.0,0.0,0.0,0.0,0.0,0.0,0.0
ERR209380,D006262,3,0.0,0.0,0.0,0.0,0.0,0.0,0.0,4.0,0.0,0.0,0.0,0.0,0.0,0.0,1.0,1.0
ERR209381,D006262,3,0.0,0.0,0.0,1.0,0.0,0.0,0.0,1.0,0.0,0.0,0.0,0.0,0.0,0.0,0.0,0.0
ERR209382,D006262,3,0.0,0.0,0.0,3.0,0.0,0.0,0.0,6.0,0.0,0.0,0.0,0.0,0.0,0.0,0.0,0.0
ERR209383,D006262,3,0.0,0.0,0.0,4.0,0.0,0.0,0.0,8.0,0.0,0.0,0.0,0.0,0.0,0.0,0.0,0.0
ERR209384,D006262,3,0.0,0.0,0.0,0.0,0.0,0.0,0.0,1.0,0.0,0.0,0.0,0.0,0.0,0.0,0.0,0.0
ERR209385,D006262,3,0.0,0.0,0.0,1.0,0.0,0.0,0.0,2.0,0.0,0.0,0.0,1.0,0.0,0.0,0.0,0.0
ERR209386,D006262,3,0.0,0.0,0.0,1.0,0.0,0.0,0.0,2.0,0.0,0.0,0.0,0.0,0.0,0.0,0.0,0.0
ERR209387,D006262,3,0.0,0.0,0.0,2.0,0.0,0.0,0.0,1.0,0.0,0.0,0.0,0.0,0.0,0.0,0.0,0.0
ERR209389,D006262,3,0.0,0.0,0.0,0.0,0.0,0.0,0.0,2.0,0.0,0.0,0.0,0.0,0.0,0.0,0.0,0.0
ERR209390,D006262,3,0.0,0.0,0.0,0.0,0.0,0.0,0.0,2.0,0.0,0.0,0.0,0.0,0.0,0.0,0.0,0.0
ERR209391,D006262,3,0.0,0.0,0.0,1.0,0.0,0.0,0.0,3.0,0.0,0.0,0.0,0.0,0.0,0.0,0.0,0.0
ERR209392,D006262,3,0.0,0.0,0.0,1.0,0.0,0.0,0.0,0.0,0.0,0.0,0.0,0.0,0.0,0.0,0.0,0.0
ERR209393,D006262,3,0.0,0.0,0.0,0.0,0.0,0.0,0.0,2.0,0.0,0.0,0.0,0.0,0.0,0.0,0.0,0.0
ERR209402,D006262,3,0.0,0.0,0.0,0.0,0.0,0.0,0.0,0.0,0.0,0.0,0.0,1.0,0.0,0.0,0.0,0.0
ERR209403,D006262,3,0.0,0.0,0.0,1.0,0.0,0.0,0.0,1.0,0.0,0.0,0.0,0.0,0.0,0.0,0.0,0.0
ERR209404,D006262,3,0.0,0.0,0.0,0.0,0.0,0.0,0.0,2.0,0.0,0.0,0.0,0.0,0.0,0.0,0.0,0.0
ERR209405,D006262,3,0.0,0.0,0.0,2.0,0.0,0.0,0.0,1.0,0.0,0.0,0.0,0.0,0.0,0.0,0.0,0.0
ERR209406,D006262,3,0.0,0.0,0.0,1.0,0.0,0.0,0.0,0.0,0.0,0.0,0.0,0.0,0.0,0.0,0.0,0.0
ERR209408,D006262,3,0.0,0.0,0.0,0.0,0.0,0.0,0.0,3.0,0.0,0.0,0.0,0.0,0.0,0.0,0.0,0.0
ERR209409,D006262,3,0.0,0.0,0.0,0.0,0.0,0.0,0.0,2.0,0.0,0.0,0.0,0.0,0.0,0.0,0.0,0.0
ERR209410,D006262,3,0.0,0.0,0.0,1.0,0.0,0.0,0.0,0.0,0.0,0.0,0.0,2.0,0.0,0.0,0.0,0.0
ERR209411,D006262,3,0.0,0.0,0.0,0.0,0.0,0.0,0.0,4.0,0.0,0.0,0.0,0.0,0.0,0.0,0.0,0.0
ERR209412,D006262,3,0.0,0.0,0.0,4.0,0.0,0.0,0.0,9.0,0.0,0.0,0.0,0.0,0.0,0.0,0.0,0.0
ERR209413,D006262,3,0.0,0.0,0.0,4.0,0.0,0.0,0.0,11.0,0.0,0.0,0.0,0.0,0.0,0.0,0.0,0.0
ERR209414,D006262,3,0.0,0.0,0.0,1.0,0.0,0.0,0.0,6.0,0.0,0.0,0.0,1.0,0.0,0.0,0.0,0.0
ERR209416,D006262,3,0.0,0.0,0.0,1.0,0.0,0.0,0.0,1.0,0.0,0.0,0.0,1.0,0.0,0.0,0.0,0.0
ERR209417,D006262,3,0.0,0.0,0.0,3.0,0.0,0.0,0.0,1.0,0.0,0.0,0.0,0.0,0.0,0.0,0.0,0.0
ERR209418,D006262,3,0.0,0.0,0.0,0.0,0.0,0.0,0.0,1.0,0.0,0.0,0.0,1.0,0.0,0.0,0.0,0.0
ERR209421,D006262,3,0.0,0.0,0.0,1.0,0.0,0.0,0.0,0.0,0.0,0.0,0.0,0.0,0.0,0.0,0.0,0.0
ERR209422,D006262,3,0.0,0.0,0.0,0.0,0.0,0.0,0.0,2.0,0.0,0.0,0.0,0.0,0.0,0.0,0.0,0.0
ERR209423,D006262,3,0.0,0.0,0.0,0.0,0.0,0.0,0.0,1.0,0.0,0.0,0.0,0.0,0.0,0.0,0.0,0.0
ERR209424,D006262,3,0.0,0.0,0.0,3.0,0.0,0.0,0.0,2.0,0.0,0.0,0.0,0.0,0.0,0.0,0.0,0.0
ERR209425,D006262,3,0.0,0.0,0.0,2.0,0.0,1.0,0.0,1.0,0.0,0.0,0.0,0.0,0.0,0.0,0.0,0.0
ERR209426,D006262,3,0.0,0.0,0.0,1.0,0.0,0.0,0.0,2.0,0.0,0.0,0.0,0.0,0.0,0.0,0.0,0.0
ERR209427,D006262,3,0.0,0.0,0.0,0.0,0.0,0.0,0.0,4.0,0.0,0.0,0.0,0.0,0.0,0.0,0.0,0.0
ERR209428,D006262,3,0.0,0.0,1.0,1.0,0.0,0.0,0.0,26.0,0.0,0.0,0.0,0.0,0.0,0.0,1.0,0.0
ERR209429,D006262,3,0.0,0.0,0.0,5.0,0.0,0.0,0.0,29.0,0.0,0.0,0.0,0.0,0.0,0.0,1.0,1.0
ERR209430,D006262,3,0.0,0.0,1.0,6.0,0.0,0.0,0.0,36.0,0.0,0.0,0.0,2.0,0.0,0.0,4.0,0.0
ERR209434,D006262,3,0.0,0.0,0.0,0.0,0.0,0.0,0.0,1.0,0.0,0.0,0.0,0.0,0.0,0.0,0.0,0.0
ERR209438,D006262,3,0.0,0.0,0.0,0.0,0.0,0.0,0.0,1.0,0.0,0.0,0.0,0.0,0.0,0.0,0.0,0.0
ERR209440,D006262,3,0.0,0.0,0.0,2.0,0.0,0.0,0.0,5.0,0.0,0.0,0.0,0.0,0.0,0.0,0.0,0.0
ERR209441,D006262,3,0.0,0.0,0.0,1.0,0.0,0.0,0.0,2.0,0.0,0.0,0.0,0.0,0.0,0.0,0.0,0.0
ERR209442,D006262,3,0.0,0.0,0.0,1.0,0.0,1.0,0.0,4.0,0.0,0.0,0.0,0.0,0.0,0.0,0.0,0.0
ERR209443,D006262,3,0.0,0.0,0.0,1.0,0.0,0.0,0.0,1.0,0.0,0.0,0.0,0.0,0.0,0.0,0.0,0.0
ERR209444,D006262,3,0.0,0.0,0.0,3.0,0.0,0.0,0.0,6.0,0.0,0.0,0.0,0.0,0.0,0.0,0.0,0.0
ERR209445,D006262,3,0.0,0.0,0.0,0.0,0.0,0.0,0.0,4.0,0.0,0.0,0.0,1.0,0.0,0.0,0.0,0.0
ERR209446,D006262,3,0.0,0.0,0.0,3.0,0.0,0.0,0.0,4.0,0.0,0.0,0.0,0.0,0.0,0.0,0.0,0.0
ERR209447,D006262,3,0.0,0.0,0.0,11.0,0.0,2.0,0.0,29.0,0.0,0.0,0.0,0.0,0.0,0.0,1.0,0.0
ERR209448,D006262,3,0.0,0.0,0.0,12.0,0.0,1.0,0.0,10.0,0.0,0.0,0.0,0.0,0.0,0.0,0.0,0.0
ERR209449,D006262,3,0.0,0.0,0.0,15.0,0.0,0.0,0.0,13.0,0.0,0.0,0.0,0.0,0.0,0.0,0.0,0.0
ERR209450,D006262,3,0.0,0.0,0.0,11.0,0.0,1.0,0.0,10.0,0.0,0.0,0.0,0.0,0.0,0.0,0.0,0.0
ERR209451,D006262,3,0.0,0.0,0.0,5.0,0.0,0.0,0.0,1.0,0.0,0.0,0.0,0.0,0.0,0.0,0.0,0.0
ERR209452,D006262,3,0.0,0.0,0.0,10.0,0.0,0.0,0.0,12.0,0.0,0.0,0.0,0.0,0.0,0.0,0.0,0.0
ERR209453,D006262,3,0.0,0.0,0.0,11.0,0.0,0.0,0.0,30.0,0.0,0.0,0.0,1.0,0.0,0.0,0.0,1.0
ERR209454,D006262,3,0.0,0.0,0.0,28.0,0.0,0.0,0.0,24.0,0.0,0.0,0.0,1.0,0.0,0.0,3.0,0.0
ERR209455,D006262,3,0.0,0.0,0.0,1.0,0.0,0.0,0.0,7.0,0.0,0.0,0.0,3.0,0.0,0.0,0.0,0.0
ERR209456,D006262,3,0.0,0.0,0.0,8.0,0.0,0.0,0.0,40.0,0.0,0.0,0.0,1.0,0.0,1.0,2.0,6.0
ERR209457,D006262,3,0.0,0.0,0.0,9.0,0.0,0.0,0.0,10.0,0.0,0.0,0.0,0.0,0.0,0.0,0.0,0.0
ERR209458,D006262,3,0.0,0.0,1.0,1.0,0.0,0.0,0.0,9.0,0.0,0.0,0.0,0.0,0.0,0.0,0.0,0.0
ERR209459,D006262,3,0.0,0.0,0.0,1.0,0.0,0.0,0.0,6.0,0.0,0.0,0.0,1.0,0.0,0.0,0.0,0.0
ERR209460,D006262,3,0.0,0.0,0.0,23.0,0.0,0.0,0.0,15.0,0.0,0.0,0.0,2.0,0.0,0.0,1.0,3.0
ERR209461,D006262,3,0.0,0.0,0.0,25.0,0.0,0.0,0.0,82.0,0.0,0.0,0.0,5.0,0.0,0.0,0.0,2.0
ERR209462,D006262,3,0.0,0.0,1.0,8.0,0.0,0.0,0.0,13.0,0.0,0.0,0.0,0.0,0.0,0.0,0.0,1.0
ERR209463,D006262,3,0.0,0.0,1.0,9.0,0.0,0.0,0.0,10.0,0.0,0.0,0.0,1.0,0.0,0.0,0.0,0.0
ERR209464,D006262,3,0.0,0.0,0.0,7.0,0.0,0.0,0.0,22.0,0.0,0.0,0.0,0.0,0.0,0.0,0.0,1.0
ERR209465,D006262,3,0.0,0.0,0.0,2.0,0.0,0.0,0.0,5.0,0.0,0.0,0.0,0.0,0.0,0.0,1.0,0.0
ERR209466,D006262,3,0.0,0.0,0.0,1.0,0.0,0.0,0.0,1.0,0.0,0.0,0.0,0.0,0.0,0.0,0.0,0.0
ERR209468,D006262,3,0.0,0.0,0.0,0.0,0.0,0.0,0.0,1.0,0.0,0.0,0.0,0.0,0.0,0.0,0.0,1.0
ERR209469,D006262,3,0.0,0.0,0.0,0.0,0.0,0.0,0.0,3.0,0.0,0.0,0.0,0.0,0.0,0.0,0.0,0.0
ERR209471,D006262,3,0.0,0.0,0.0,1.0,0.0,0.0,0.0,0.0,0.0,0.0,0.0,0.0,0.0,0.0,0.0,0.0
ERR209472,D006262,3,0.0,0.0,0.0,1.0,0.0,0.0,0.0,0.0,0.0,0.0,0.0,0.0,0.0,0.0,1.0,0.0
ERR209473,D006262,3,0.0,0.0,0.0,0.0,0.0,0.0,0.0,0.0,0.0,0.0,0.0,0.0,0.0,0.0,0.0,0.0
ERR209476,D006262,3,0.0,0.0,0.0,0.0,0.0,0.0,0.0,1.0,0.0,0.0,0.0,0.0,0.0,0.0,0.0,0.0
ERR209477,D006262,3,0.0,0.0,0.0,0.0,0.0,0.0,0.0,1.0,0.0,0.0,0.0,0.0,0.0,0.0,0.0,0.0
ERR209479,D006262,3,0.0,0.0,0.0,2.0,0.0,0.0,0.0,8.0,0.0,0.0,0.0,0.0,0.0,0.0,0.0,0.0
ERR209480,D006262,3,0.0,0.0,0.0,4.0,0.0,0.0,0.0,9.0,0.0,0.0,0.0,0.0,0.0,0.0,0.0,0.0
ERR209482,D006262,3,0.0,0.0,0.0,0.0,0.0,0.0,0.0,1.0,0.0,0.0,0.0,0.0,0.0,0.0,0.0,0.0
ERR209483,D006262,3,0.0,0.0,0.0,0.0,0.0,0.0,0.0,1.0,0.0,0.0,0.0,0.0,0.0,0.0,0.0,0.0
ERR209484,D006262,3,0.0,0.0,0.0,0.0,0.0,0.0,0.0,1.0,0.0,0.0,0.0,0.0,0.0,0.0,0.0,0.0
ERR209486,D006262,3,0.0,0.0,0.0,0.0,0.0,0.0,0.0,1.0,0.0,0.0,0.0,0.0,0.0,0.0,0.0,0.0
ERR209487,D006262,3,0.0,0.0,0.0,2.0,0.0,0.0,0.0,3.0,0.0,0.0,0.0,0.0,0.0,0.0,0.0,0.0
ERR209488,D006262,3,0.0,0.0,0.0,1.0,0.0,0.0,0.0,3.0,0.0,0.0,0.0,0.0,0.0,0.0,0.0,0.0
ERR209490,D006262,3,0.0,0.0,0.0,1.0,0.0,0.0,0.0,1.0,0.0,0.0,0.0,0.0,0.0,0.0,0.0,0.0
ERR209491,D006262,3,0.0,0.0,0.0,1.0,0.0,0.0,0.0,4.0,0.0,0.0,0.0,0.0,0.0,0.0,0.0,0.0
ERR209493,D006262,3,0.0,0.0,0.0,4.0,0.0,0.0,0.0,2.0,0.0,0.0,0.0,0.0,0.0,0.0,0.0,0.0
ERR209494,D006262,3,0.0,0.0,0.0,1.0,0.0,0.0,0.0,1.0,0.0,0.0,0.0,0.0,0.0,0.0,0.0,0.0
ERR209495,D006262,3,0.0,0.0,0.0,3.0,0.0,0.0,0.0,0.0,0.0,0.0,0.0,0.0,0.0,0.0,0.0,0.0
ERR209497,D006262,3,0.0,0.0,0.0,1.0,0.0,0.0,0.0,0.0,0.0,0.0,0.0,0.0,0.0,0.0,0.0,0.0
ERR209498,D006262,3,0.0,0.0,0.0,2.0,0.0,0.0,0.0,2.0,0.0,0.0,0.0,0.0,0.0,0.0,0.0,0.0
ERR209499,D006262,3,0.0,0.0,0.0,1.0,0.0,0.0,0.0,2.0,0.0,0.0,0.0,0.0,0.0,0.0,0.0,0.0
ERR209500,D006262,3,0.0,0.0,0.0,1.0,0.0,0.0,0.0,4.0,0.0,0.0,0.0,1.0,0.0,0.0,0.0,0.0
ERR209501,D006262,3,0.0,0.0,0.0,0.0,0.0,0.0,0.0,1.0,0.0,0.0,0.0,0.0,0.0,0.0,0.0,0.0
ERR209502,D006262,3,0.0,0.0,0.0,4.0,0.0,0.0,0.0,25.0,0.0,0.0,0.0,0.0,0.0,0.0,0.0,0.0
ERR209503,D006262,3,0.0,0.0,0.0,2.0,0.0,0.0,0.0,6.0,0.0,0.0,0.0,0.0,0.0,0.0,0.0,0.0
ERR209504,D006262,3,0.0,0.0,0.0,1.0,0.0,0.0,0.0,5.0,0.0,0.0,0.0,0.0,0.0,0.0,0.0,0.0
ERR209505,D006262,3,0.0,0.0,0.0,0.0,0.0,1.0,0.0,7.0,0.0,0.0,0.0,0.0,0.0,0.0,0.0,0.0
ERR209506,D006262,3,0.0,0.0,0.0,2.0,0.0,0.0,0.0,10.0,0.0,0.0,0.0,0.0,0.0,0.0,0.0,0.0
ERR209507,D006262,3,0.0,0.0,0.0,0.0,0.0,0.0,0.0,2.0,0.0,0.0,0.0,0.0,0.0,0.0,0.0,0.0
ERR209509,D006262,3,0.0,0.0,0.0,3.0,0.0,0.0,0.0,2.0,0.0,0.0,0.0,0.0,0.0,0.0,1.0,0.0
ERR209511,D006262,3,0.0,0.0,0.0,0.0,0.0,0.0,0.0,1.0,0.0,0.0,0.0,0.0,0.0,0.0,0.0,0.0
ERR209514,D006262,3,0.0,0.0,0.0,1.0,0.0,0.0,0.0,0.0,0.0,0.0,0.0,0.0,0.0,0.0,0.0,0.0
ERR209515,D006262,3,0.0,0.0,0.0,2.0,0.0,0.0,0.0,2.0,0.0,0.0,0.0,0.0,0.0,0.0,0.0,0.0
ERR209517,D006262,3,0.0,0.0,0.0,1.0,0.0,0.0,0.0,10.0,0.0,0.0,0.0,2.0,0.0,0.0,0.0,0.0
ERR209518,D006262,3,0.0,0.0,0.0,1.0,0.0,0.0,0.0,0.0,0.0,0.0,0.0,3.0,0.0,0.0,0.0,1.0
ERR209519,D006262,3,0.0,0.0,0.0,126.0,0.0,5.0,0.0,187.0,0.0,0.0,0.0,7.0,0.0,0.0,6.0,0.0
ERR209520,D006262,3,0.0,0.0,0.0,12.0,0.0,2.0,0.0,13.0,0.0,0.0,0.0,0.0,0.0,0.0,0.0,0.0
ERR209521,D006262,3,0.0,0.0,0.0,15.0,0.0,1.0,0.0,8.0,0.0,0.0,0.0,0.0,0.0,0.0,1.0,0.0
ERR209522,D006262,3,0.0,0.0,0.0,10.0,0.0,1.0,0.0,19.0,0.0,0.0,0.0,1.0,0.0,0.0,1.0,0.0
ERR209523,D006262,3,0.0,0.0,0.0,22.0,0.0,0.0,0.0,33.0,0.0,0.0,0.0,1.0,0.0,0.0,0.0,0.0
ERR209524,D006262,3,0.0,0.0,0.0,2.0,0.0,0.0,0.0,5.0,0.0,0.0,0.0,0.0,0.0,0.0,0.0,0.0
ERR209525,D006262,3,0.0,0.0,0.0,3.0,0.0,0.0,0.0,9.0,0.0,0.0,0.0,0.0,0.0,0.0,0.0,0.0
ERR209526,D006262,3,0.0,0.0,0.0,3.0,0.0,0.0,0.0,9.0,0.0,0.0,0.0,0.0,0.0,0.0,0.0,0.0
ERR209527,D006262,3,0.0,0.0,0.0,3.0,0.0,0.0,0.0,2.0,0.0,0.0,0.0,0.0,0.0,0.0,0.0,0.0
ERR209528,D006262,3,0.0,0.0,0.0,55.0,0.0,1.0,0.0,33.0,0.0,0.0,0.0,3.0,0.0,0.0,0.0,0.0
ERR209529,D003093,3,0.0,0.0,0.0,103.0,0.0,0.0,0.0,138.0,0.0,0.0,0.0,5.0,0.0,0.0,0.0,0.0
ERR209530,D003093,3,0.0,0.0,0.0,3.0,0.0,0.0,0.0,0.0,0.0,0.0,0.0,0.0,0.0,0.0,0.0,0.0
ERR209531,D003093,3,0.0,0.0,5.0,142.0,0.0,0.0,0.0,818.0,0.0,0.0,0.0,6.0,0.0,0.0,0.0,0.0
ERR209533,D003093,3,0.0,0.0,7.0,13.0,0.0,0.0,0.0,70.0,0.0,0.0,0.0,0.0,0.0,0.0,0.0,0.0
ERR209534,D003093,3,0.0,0.0,2.0,42.0,0.0,0.0,0.0,115.0,0.0,2.0,0.0,2.0,0.0,0.0,0.0,0.0
ERR209536,D003093,3,0.0,0.0,1.0,4.0,0.0,0.0,0.0,47.0,0.0,0.0,0.0,0.0,0.0,0.0,0.0,0.0
ERR209537,D003093,3,0.0,0.0,0.0,3.0,0.0,0.0,0.0,4.0,0.0,0.0,0.0,0.0,0.0,0.0,0.0,0.0
ERR209538,D003093,3,0.0,0.0,0.0,9.0,0.0,0.0,0.0,26.0,0.0,0.0,0.0,0.0,0.0,0.0,0.0,0.0
ERR209540,D003093,3,0.0,0.0,0.0,3.0,0.0,0.0,0.0,18.0,0.0,0.0,0.0,1.0,0.0,0.0,0.0,0.0
ERR209541,D003093,3,1.0,0.0,0.0,298.0,0.0,6.0,0.0,157.0,0.0,1.0,0.0,7.0,0.0,0.0,1.0,0.0
ERR209543,D003093,3,0.0,0.0,1.0,5.0,0.0,0.0,0.0,39.0,0.0,1.0,0.0,0.0,0.0,0.0,0.0,0.0
ERR209544,D003093,3,0.0,0.0,0.0,334.0,0.0,0.0,0.0,102.0,0.0,0.0,0.0,1.0,0.0,0.0,2.0,0.0
ERR209546,D003093,3,0.0,0.0,0.0,5.0,0.0,0.0,0.0,4.0,0.0,0.0,0.0,0.0,0.0,0.0,0.0,0.0
ERR209547,D003093,3,0.0,0.0,0.0,383.0,0.0,0.0,0.0,108.0,0.0,0.0,0.0,5.0,0.0,0.0,0.0,0.0
ERR209549,D003093,3,0.0,0.0,0.0,208.0,0.0,0.0,0.0,90.0,0.0,0.0,0.0,25.0,0.0,0.0,0.0,0.0
ERR209550,D003093,3,2.0,0.0,12.0,663.0,0.0,3.0,0.0,1035.0,0.0,0.0,0.0,33.0,0.0,0.0,41.0,0.0
ERR209552,D003093,3,0.0,0.0,0.0,0.0,0.0,0.0,0.0,1.0,0.0,0.0,0.0,0.0,0.0,0.0,0.0,0.0
ERR209553,D003093,3,0.0,0.0,0.0,2.0,0.0,0.0,0.0,5.0,0.0,0.0,0.0,0.0,0.0,0.0,0.0,0.0
ERR209554,D003093,3,0.0,0.0,1.0,203.0,0.0,0.0,0.0,109.0,0.0,0.0,0.0,5.0,0.0,0.0,0.0,0.0
ERR209555,D003093,3,0.0,0.0,0.0,6.0,0.0,0.0,0.0,0.0,0.0,0.0,0.0,0.0,0.0,0.0,0.0,0.0
ERR209556,D003093,3,0.0,0.0,7.0,60.0,0.0,0.0,0.0,34.0,0.0,0.0,0.0,0.0,0.0,0.0,0.0,0.0
ERR209557,D003093,3,0.0,0.0,1.0,14.0,0.0,0.0,0.0,4.0,0.0,0.0,0.0,0.0,0.0,0.0,0.0,0.0
ERR209558,D003093,3,0.0,0.0,8.0,385.0,0.0,1.0,0.0,1005.0,0.0,0.0,0.0,39.0,0.0,0.0,0.0,0.0
ERR209559,D003093,3,0.0,0.0,0.0,0.0,0.0,0.0,0.0,4.0,0.0,0.0,0.0,0.0,0.0,0.0,0.0,0.0
ERR209560,D003093,3,0.0,0.0,1.0,9.0,0.0,0.0,0.0,73.0,0.0,0.0,0.0,1.0,0.0,0.0,0.0,0.0
ERR209561,D003093,3,0.0,0.0,0.0,1.0,0.0,0.0,0.0,2.0,0.0,0.0,0.0,0.0,0.0,0.0,0.0,0.0
ERR209562,D003093,3,0.0,0.0,0.0,1.0,0.0,0.0,0.0,7.0,0.0,0.0,0.0,0.0,0.0,0.0,0.0,0.0
ERR209563,D003093,3,0.0,0.0,2.0,12.0,0.0,0.0,0.0,40.0,0.0,0.0,0.0,1.0,0.0,0.0,0.0,0.0
ERR209566,D003093,3,0.0,0.0,1.0,27.0,0.0,0.0,0.0,29.0,0.0,0.0,0.0,2.0,0.0,0.0,0.0,0.0
ERR209567,D003093,3,0.0,0.0,0.0,72.0,0.0,0.0,0.0,84.0,0.0,0.0,0.0,2.0,0.0,0.0,0.0,0.0
ERR209569,D003093,3,0.0,0.0,4.0,5.0,0.0,0.0,0.0,13.0,0.0,0.0,0.0,1.0,0.0,0.0,0.0,0.0
ERR209570,D003093,3,0.0,0.0,5.0,120.0,0.0,0.0,0.0,112.0,0.0,0.0,0.0,11.0,0.0,0.0,0.0,0.0
ERR209571,D003093,3,0.0,1.0,0.0,18.0,0.0,0.0,0.0,17.0,0.0,0.0,0.0,0.0,0.0,0.0,0.0,0.0
ERR209573,D003093,3,0.0,0.0,39.0,1239.0,0.0,0.0,0.0,2559.0,46.0,0.0,0.0,144.0,0.0,0.0,0.0,26.0
ERR209574,D003093,3,0.0,0.0,0.0,87.0,0.0,0.0,0.0,107.0,0.0,0.0,0.0,4.0,0.0,0.0,0.0,0.0
ERR209575,D003093,3,0.0,0.0,0.0,20.0,0.0,0.0,0.0,11.0,0.0,0.0,0.0,0.0,0.0,0.0,0.0,0.0
ERR209576,D003093,3,1.0,0.0,2.0,551.0,0.0,0.0,0.0,490.0,0.0,0.0,0.0,15.0,0.0,0.0,0.0,0.0
ERR209578,D003093,3,0.0,0.0,12.0,43.0,0.0,0.0,0.0,157.0,0.0,3.0,0.0,8.0,0.0,0.0,0.0,0.0
ERR209579,D003093,3,0.0,0.0,2.0,212.0,0.0,0.0,0.0,34.0,6.0,0.0,0.0,11.0,0.0,0.0,0.0,0.0
ERR209580,D003093,3,0.0,0.0,2.0,199.0,0.0,0.0,0.0,76.0,15.0,0.0,0.0,13.0,0.0,0.0,0.0,0.0
ERR209581,D003093,3,0.0,0.0,0.0,5.0,0.0,0.0,0.0,20.0,0.0,0.0,0.0,0.0,0.0,0.0,0.0,0.0
ERR209582,D003093,3,0.0,0.0,0.0,4.0,0.0,0.0,0.0,9.0,0.0,0.0,0.0,0.0,0.0,0.0,0.0,0.0
ERR209583,D003093,3,0.0,0.0,2.0,8.0,0.0,0.0,0.0,94.0,0.0,0.0,0.0,5.0,0.0,0.0,8.0,1.0
ERR209584,D003093,3,0.0,0.0,0.0,6.0,0.0,0.0,0.0,83.0,0.0,0.0,0.0,1.0,0.0,0.0,7.0,1.0
ERR209585,D003093,3,0.0,0.0,0.0,3.0,0.0,0.0,0.0,14.0,0.0,0.0,0.0,1.0,0.0,0.0,2.0,0.0
ERR209586,D003093,3,0.0,0.0,0.0,0.0,0.0,0.0,0.0,2.0,0.0,0.0,0.0,0.0,0.0,0.0,0.0,0.0
ERR209587,D003093,3,0.0,0.0,1.0,4.0,0.0,0.0,0.0,25.0,0.0,0.0,0.0,1.0,0.0,0.0,0.0,0.0
ERR209588,D003093,3,0.0,0.0,0.0,0.0,0.0,0.0,0.0,3.0,0.0,0.0,0.0,0.0,0.0,0.0,0.0,0.0
ERR209589,D003093,3,0.0,0.0,0.0,14.0,0.0,0.0,0.0,32.0,0.0,0.0,0.0,4.0,0.0,0.0,1.0,0.0
ERR209590,D003093,3,0.0,0.0,4.0,63.0,0.0,0.0,0.0,80.0,0.0,0.0,0.0,0.0,0.0,0.0,3.0,0.0
ERR209591,D003093,3,0.0,0.0,0.0,4.0,0.0,0.0,0.0,5.0,0.0,0.0,0.0,0.0,0.0,0.0,0.0,0.0
ERR209592,D003093,3,0.0,0.0,0.0,3.0,0.0,0.0,0.0,2.0,0.0,0.0,0.0,0.0,0.0,0.0,0.0,0.0
ERR209593,D003093,3,0.0,0.0,1.0,50.0,0.0,0.0,0.0,74.0,0.0,0.0,0.0,7.0,0.0,0.0,1.0,0.0
ERR209594,D003093,3,0.0,0.0,0.0,2.0,0.0,0.0,0.0,8.0,0.0,0.0,0.0,1.0,0.0,0.0,0.0,0.0
ERR209595,D003093,3,0.0,0.0,0.0,1.0,0.0,0.0,0.0,3.0,0.0,0.0,0.0,2.0,0.0,0.0,1.0,0.0
ERR209596,D003093,3,0.0,0.0,2.0,58.0,0.0,0.0,0.0,161.0,0.0,0.0,0.0,3.0,0.0,0.0,5.0,0.0
ERR209597,D003093,3,0.0,0.0,0.0,4.0,0.0,0.0,0.0,10.0,0.0,0.0,0.0,0.0,0.0,0.0,0.0,0.0
ERR209598,D003093,3,0.0,0.0,0.0,7.0,0.0,0.0,0.0,12.0,0.0,0.0,0.0,0.0,0.0,0.0,0.0,0.0
ERR209599,D003093,3,0.0,0.0,4.0,99.0,0.0,0.0,0.0,156.0,0.0,0.0,0.0,2.0,0.0,0.0,0.0,0.0
ERR209600,D003093,3,0.0,0.0,2.0,13.0,0.0,0.0,0.0,20.0,0.0,0.0,0.0,1.0,0.0,0.0,0.0,0.0
ERR209601,D003093,3,0.0,0.0,4.0,38.0,0.0,0.0,0.0,52.0,0.0,0.0,0.0,4.0,0.0,0.0,0.0,0.0
ERR209602,D003093,3,0.0,0.0,0.0,13.0,0.0,0.0,0.0,1.0,0.0,0.0,0.0,0.0,0.0,0.0,0.0,0.0
ERR209603,D003093,3,0.0,0.0,2.0,82.0,0.0,0.0,0.0,31.0,0.0,0.0,0.0,7.0,0.0,0.0,0.0,0.0
ERR209604,D003093,3,0.0,0.0,1.0,10.0,0.0,0.0,0.0,9.0,0.0,0.0,0.0,0.0,0.0,0.0,0.0,0.0
ERR209605,D003093,3,0.0,0.0,0.0,4.0,0.0,0.0,0.0,22.0,0.0,0.0,0.0,0.0,0.0,0.0,0.0,0.0
ERR209606,D003093,3,0.0,0.0,0.0,3.0,0.0,0.0,0.0,16.0,0.0,0.0,0.0,3.0,0.0,0.0,1.0,0.0
ERR209607,D003093,3,0.0,0.0,1.0,58.0,0.0,0.0,0.0,78.0,0.0,0.0,0.0,1.0,0.0,0.0,0.0,0.0
ERR209608,D003093,3,0.0,0.0,2.0,46.0,0.0,6.0,0.0,53.0,0.0,0.0,0.0,0.0,0.0,0.0,0.0,0.0
ERR209609,D003093,3,0.0,0.0,0.0,24.0,0.0,0.0,0.0,35.0,0.0,0.0,0.0,1.0,0.0,0.0,0.0,0.0
ERR209610,D003093,3,0.0,0.0,0.0,6.0,0.0,0.0,0.0,7.0,0.0,0.0,0.0,1.0,0.0,0.0,0.0,0.0
ERR209611,D003093,3,0.0,0.0,1.0,46.0,0.0,0.0,0.0,71.0,0.0,0.0,0.0,23.0,0.0,0.0,0.0,0.0
ERR209612,D003093,3,0.0,0.0,0.0,37.0,0.0,0.0,0.0,32.0,0.0,0.0,0.0,15.0,0.0,0.0,0.0,0.0
ERR209613,D003093,3,0.0,0.0,1.0,18.0,0.0,0.0,0.0,86.0,0.0,0.0,0.0,4.0,0.0,0.0,0.0,0.0
ERR209614,D003093,3,0.0,0.0,0.0,27.0,0.0,0.0,0.0,106.0,0.0,0.0,0.0,0.0,0.0,0.0,3.0,0.0
ERR209616,D003093,3,0.0,0.0,1.0,9.0,0.0,0.0,0.0,43.0,0.0,0.0,0.0,4.0,0.0,0.0,1.0,0.0
ERR209617,D003093,3,0.0,0.0,0.0,29.0,0.0,0.0,0.0,115.0,0.0,2.0,0.0,12.0,0.0,0.0,4.0,0.0
ERR209618,D003093,3,0.0,0.0,0.0,8.0,0.0,0.0,0.0,52.0,0.0,0.0,0.0,0.0,0.0,0.0,3.0,1.0
ERR209619,D003093,3,0.0,0.0,1.0,1.0,0.0,0.0,0.0,13.0,0.0,0.0,0.0,1.0,0.0,0.0,1.0,0.0
ERR209620,D003093,3,0.0,0.0,1.0,123.0,0.0,0.0,0.0,72.0,0.0,0.0,0.0,5.0,0.0,0.0,0.0,0.0
ERR209621,D003093,3,0.0,0.0,1.0,345.0,0.0,0.0,0.0,131.0,0.0,0.0,0.0,13.0,0.0,0.0,0.0,0.0
ERR209622,D003093,3,0.0,0.0,0.0,1.0,0.0,0.0,0.0,2.0,0.0,0.0,0.0,0.0,0.0,0.0,0.0,0.0
ERR209623,D003093,3,0.0,0.0,0.0,5.0,0.0,0.0,0.0,5.0,0.0,0.0,0.0,1.0,0.0,0.0,0.0,0.0
ERR209624,D003093,3,0.0,0.0,3.0,18.0,0.0,4.0,0.0,79.0,0.0,0.0,0.0,6.0,0.0,0.0,4.0,0.0
ERR209625,D003093,3,0.0,0.0,1.0,100.0,0.0,0.0,0.0,60.0,0.0,0.0,0.0,6.0,0.0,0.0,0.0,0.0
ERR209626,D003093,3,0.0,0.0,1.0,76.0,0.0,0.0,0.0,77.0,0.0,0.0,0.0,2.0,0.0,0.0,0.0,0.0
ERR209627,D003093,3,0.0,0.0,0.0,3.0,0.0,0.0,0.0,4.0,0.0,0.0,0.0,0.0,0.0,0.0,0.0,0.0
ERR209628,D003093,3,0.0,0.0,0.0,3.0,0.0,0.0,0.0,6.0,0.0,0.0,0.0,0.0,0.0,0.0,0.0,0.0
ERR209629,D003093,3,1.0,0.0,2.0,58.0,0.0,0.0,0.0,130.0,0.0,0.0,0.0,8.0,0.0,0.0,3.0,2.0
ERR209630,D003093,3,0.0,0.0,0.0,1.0,0.0,0.0,0.0,6.0,0.0,0.0,0.0,0.0,0.0,0.0,1.0,1.0
ERR209631,D003093,3,0.0,0.0,0.0,2.0,0.0,0.0,0.0,6.0,0.0,0.0,0.0,0.0,0.0,0.0,0.0,0.0
ERR209632,D003093,3,4.0,1.0,24.0,59.0,0.0,0.0,0.0,309.0,0.0,5.0,0.0,2.0,0.0,1.0,14.0,17.0
ERR209633,D003093,3,0.0,0.0,0.0,2.0,0.0,0.0,0.0,13.0,0.0,0.0,0.0,1.0,0.0,0.0,1.0,1.0
ERR209634,D003093,3,1.0,0.0,0.0,6.0,0.0,0.0,0.0,14.0,0.0,1.0,0.0,0.0,0.0,0.0,0.0,1.0
ERR209635,D003093,3,0.0,0.0,0.0,20.0,0.0,0.0,0.0,48.0,0.0,0.0,0.0,2.0,0.0,0.0,0.0,0.0
ERR209636,D003093,3,0.0,0.0,0.0,5.0,0.0,0.0,0.0,4.0,0.0,0.0,0.0,0.0,0.0,0.0,0.0,0.0
ERR209637,D003093,3,0.0,0.0,0.0,164.0,0.0,0.0,0.0,139.0,0.0,0.0,0.0,8.0,0.0,0.0,0.0,0.0
ERR209638,D003093,3,0.0,0.0,0.0,10.0,0.0,0.0,0.0,6.0,0.0,0.0,0.0,0.0,0.0,0.0,0.0,0.0
ERR209639,D003093,3,0.0,0.0,0.0,11.0,0.0,0.0,0.0,10.0,0.0,0.0,0.0,0.0,0.0,0.0,0.0,0.0
ERR209640,D006262,3,0.0,0.0,0.0,59.0,0.0,0.0,0.0,18.0,0.0,0.0,0.0,2.0,0.0,0.0,0.0,0.0
ERR209641,D006262,3,0.0,0.0,0.0,16.0,0.0,0.0,0.0,0.0,0.0,0.0,0.0,0.0,0.0,0.0,0.0,0.0
ERR209642,D006262,3,0.0,0.0,0.0,0.0,0.0,0.0,0.0,1.0,0.0,0.0,0.0,0.0,0.0,0.0,0.0,0.0
ERR209643,D006262,3,0.0,0.0,0.0,11.0,0.0,0.0,0.0,14.0,0.0,0.0,0.0,0.0,0.0,0.0,0.0,0.0
ERR209644,D006262,3,1.0,0.0,3.0,85.0,0.0,0.0,0.0,100.0,0.0,1.0,0.0,4.0,0.0,0.0,1.0,0.0
ERR209645,D006262,3,0.0,0.0,0.0,16.0,0.0,0.0,0.0,23.0,0.0,0.0,0.0,5.0,0.0,0.0,0.0,1.0
ERR209646,D003093,3,0.0,0.0,0.0,40.0,0.0,0.0,0.0,24.0,0.0,0.0,0.0,5.0,0.0,0.0,0.0,0.0
ERR209647,D003093,3,0.0,0.0,0.0,1.0,0.0,0.0,0.0,2.0,0.0,0.0,0.0,0.0,0.0,0.0,0.0,0.0
ERR209648,D006262,3,0.0,1.0,7.0,153.0,0.0,0.0,0.0,183.0,0.0,0.0,0.0,5.0,0.0,0.0,0.0,0.0
ERR209650,D006262,3,0.0,0.0,0.0,2.0,0.0,0.0,0.0,8.0,0.0,0.0,0.0,0.0,0.0,0.0,0.0,0.0
ERR209651,D006262,3,0.0,0.0,2.0,53.0,0.0,0.0,0.0,165.0,0.0,0.0,0.0,3.0,0.0,0.0,3.0,4.0
ERR209653,D006262,3,0.0,0.0,0.0,2.0,0.0,0.0,0.0,2.0,0.0,0.0,0.0,0.0,0.0,0.0,0.0,0.0
ERR209654,D006262,3,0.0,0.0,0.0,103.0,0.0,2.0,0.0,76.0,0.0,7.0,0.0,8.0,0.0,0.0,5.0,1.0
ERR209655,D003093,3,0.0,0.0,0.0,4.0,0.0,0.0,0.0,14.0,0.0,0.0,0.0,1.0,0.0,0.0,0.0,0.0
ERR209656,D006262,3,0.0,0.0,1.0,14.0,0.0,0.0,0.0,56.0,0.0,2.0,0.0,2.0,0.0,0.0,0.0,0.0
ERR209657,D006262,3,0.0,0.0,0.0,27.0,0.0,0.0,0.0,17.0,0.0,0.0,0.0,1.0,0.0,0.0,0.0,0.0
ERR209658,D006262,3,0.0,0.0,0.0,2.0,0.0,0.0,0.0,1.0,0.0,0.0,0.0,0.0,0.0,0.0,0.0,0.0
ERR209659,D006262,3,0.0,0.0,0.0,17.0,0.0,0.0,0.0,30.0,0.0,0.0,0.0,1.0,0.0,0.0,0.0,0.0
ERR209660,D006262,3,0.0,0.0,1.0,97.0,0.0,0.0,0.0,76.0,0.0,0.0,0.0,5.0,0.0,0.0,1.0,0.0
ERR209661,D006262,3,0.0,0.0,0.0,10.0,0.0,0.0,0.0,10.0,0.0,0.0,0.0,2.0,0.0,0.0,0.0,0.0
ERR209662,D006262,3,0.0,0.0,0.0,6.0,0.0,2.0,0.0,37.0,0.0,0.0,0.0,4.0,0.0,0.0,0.0,0.0
ERR209663,D006262,3,0.0,0.0,0.0,10.0,0.0,0.0,0.0,10.0,0.0,0.0,0.0,0.0,0.0,0.0,0.0,0.0
ERR209664,D006262,3,0.0,0.0,1.0,14.0,0.0,0.0,0.0,19.0,0.0,0.0,0.0,1.0,0.0,0.0,0.0,0.0
ERR209665,D006262,3,0.0,0.0,0.0,1.0,0.0,0.0,0.0,14.0,0.0,0.0,0.0,1.0,0.0,0.0,0.0,0.0
ERR209666,D006262,3,0.0,0.0,0.0,19.0,0.0,0.0,0.0,53.0,0.0,0.0,0.0,2.0,0.0,0.0,0.0,1.0
ERR209667,D006262,3,0.0,0.0,0.0,7.0,0.0,0.0,0.0,11.0,0.0,0.0,0.0,0.0,0.0,0.0,0.0,0.0
ERR209668,D006262,3,0.0,0.0,0.0,3.0,0.0,0.0,0.0,6.0,0.0,1.0,0.0,0.0,0.0,0.0,1.0,0.0
ERR209669,D006262,3,0.0,0.0,0.0,1.0,0.0,0.0,0.0,16.0,0.0,0.0,0.0,0.0,0.0,0.0,1.0,0.0
ERR209670,D006262,3,0.0,0.0,0.0,20.0,0.0,0.0,0.0,39.0,0.0,0.0,0.0,0.0,0.0,0.0,0.0,0.0
ERR209671,D006262,3,0.0,0.0,0.0,21.0,0.0,0.0,0.0,31.0,0.0,0.0,0.0,1.0,0.0,0.0,0.0,0.0
ERR209672,D006262,3,0.0,0.0,0.0,0.0,0.0,0.0,0.0,0.0,0.0,0.0,0.0,0.0,0.0,0.0,0.0,0.0
ERR209673,D006262,3,0.0,0.0,0.0,3.0,0.0,0.0,0.0,18.0,0.0,0.0,0.0,2.0,0.0,0.0,0.0,0.0
ERR209674,D006262,3,0.0,0.0,0.0,19.0,0.0,0.0,0.0,20.0,0.0,0.0,0.0,12.0,0.0,0.0,0.0,0.0
ERR209675,D003093,3,0.0,1.0,8.0,53.0,0.0,1.0,0.0,169.0,0.0,0.0,0.0,4.0,0.0,0.0,0.0,0.0
ERR209676,D003093,3,0.0,0.0,0.0,8.0,0.0,0.0,0.0,25.0,0.0,0.0,0.0,0.0,0.0,0.0,0.0,0.0
ERR209677,D003093,3,0.0,0.0,0.0,1.0,0.0,0.0,0.0,3.0,0.0,0.0,0.0,0.0,0.0,0.0,0.0,0.0
ERR209678,D003093,3,0.0,0.0,1.0,23.0,0.0,0.0,0.0,75.0,0.0,0.0,0.0,0.0,0.0,0.0,1.0,0.0
ERR209679,D003424,3,0.0,0.0,0.0,0.0,0.0,0.0,0.0,4.0,0.0,0.0,0.0,2.0,0.0,0.0,0.0,0.0
ERR209680,D003424,3,0.0,0.0,0.0,7.0,0.0,0.0,0.0,0.0,0.0,0.0,0.0,0.0,0.0,0.0,0.0,0.0
ERR209681,D003424,3,0.0,0.0,0.0,3.0,0.0,0.0,0.0,0.0,0.0,0.0,0.0,0.0,0.0,0.0,0.0,0.0
ERR209684,D003424,3,0.0,0.0,0.0,40.0,0.0,0.0,0.0,3.0,0.0,0.0,0.0,0.0,0.0,0.0,0.0,0.0
ERR209685,D003424,3,0.0,0.0,0.0,18.0,0.0,0.0,0.0,5.0,0.0,0.0,0.0,0.0,0.0,0.0,0.0,0.0
ERR209690,D003424,3,0.0,0.0,5.0,1788.0,0.0,1.0,0.0,512.0,0.0,0.0,0.0,59.0,0.0,0.0,0.0,0.0
ERR209691,D003424,3,0.0,0.0,0.0,37.0,0.0,0.0,0.0,8.0,0.0,0.0,0.0,1.0,0.0,0.0,0.0,0.0
ERR209692,D003424,3,0.0,0.0,7.0,126.0,0.0,0.0,0.0,104.0,0.0,0.0,0.0,22.0,0.0,0.0,0.0,0.0
ERR209693,D003424,3,0.0,0.0,11.0,167.0,0.0,0.0,0.0,150.0,0.0,0.0,0.0,29.0,0.0,0.0,0.0,0.0
ERR209695,D003424,3,0.0,0.0,1.0,71.0,0.0,0.0,0.0,30.0,0.0,0.0,0.0,3.0,0.0,0.0,0.0,0.0
ERR209696,D003424,3,0.0,0.0,0.0,30.0,0.0,0.0,0.0,19.0,1.0,0.0,0.0,2.0,0.0,0.0,0.0,0.0
ERR209697,D003424,3,0.0,0.0,0.0,34.0,0.0,0.0,0.0,15.0,2.0,0.0,0.0,6.0,0.0,0.0,0.0,0.0
ERR209698,D003424,3,0.0,0.0,0.0,17.0,0.0,0.0,0.0,17.0,0.0,0.0,0.0,0.0,0.0,0.0,0.0,0.0
ERR209699,D003424,3,0.0,0.0,0.0,17.0,0.0,0.0,0.0,13.0,0.0,0.0,0.0,0.0,0.0,0.0,0.0,0.0
ERR209700,D003424,3,0.0,0.0,0.0,7.0,0.0,0.0,0.0,8.0,0.0,0.0,0.0,0.0,0.0,0.0,0.0,0.0
ERR209701,D003424,3,0.0,0.0,0.0,14.0,0.0,0.0,0.0,8.0,1.0,0.0,0.0,1.0,0.0,0.0,0.0,0.0
ERR209706,D003424,3,0.0,0.0,1.0,257.0,0.0,0.0,0.0,63.0,0.0,0.0,0.0,10.0,0.0,0.0,0.0,3.0
ERR209707,D003424,3,0.0,0.0,3.0,260.0,0.0,0.0,0.0,74.0,0.0,0.0,0.0,21.0,0.0,0.0,0.0,4.0
ERR209708,D003424,3,0.0,0.0,2.0,32.0,0.0,0.0,0.0,15.0,0.0,0.0,0.0,1.0,0.0,0.0,0.0,1.0
ERR209709,D003424,3,0.0,0.0,2.0,66.0,0.0,0.0,0.0,31.0,0.0,0.0,0.0,3.0,0.0,0.0,0.0,1.0
ERR209710,D003424,3,0.0,0.0,1.0,170.0,0.0,0.0,0.0,49.0,0.0,0.0,0.0,4.0,0.0,0.0,0.0,0.0
ERR209711,D003424,3,0.0,0.0,1.0,167.0,0.0,0.0,0.0,70.0,0.0,0.0,0.0,1.0,0.0,0.0,0.0,0.0
ERR209715,D003424,3,0.0,0.0,20.0,293.0,0.0,0.0,0.0,57.0,3.0,0.0,0.0,3.0,0.0,0.0,0.0,0.0
ERR209716,D003424,3,0.0,0.0,3.0,298.0,0.0,0.0,0.0,135.0,0.0,0.0,0.0,62.0,0.0,0.0,0.0,0.0
ERR209717,D003424,3,0.0,0.0,4.0,328.0,0.0,0.0,0.0,147.0,0.0,0.0,0.0,77.0,0.0,0.0,0.0,0.0
ERR209729,D003424,3,0.0,0.0,0.0,20.0,0.0,0.0,0.0,13.0,1.0,0.0,0.0,0.0,0.0,0.0,0.0,1.0
ERR209730,D003424,3,0.0,0.0,0.0,24.0,0.0,0.0,0.0,12.0,4.0,0.0,0.0,2.0,0.0,0.0,0.0,0.0
ERR209731,D003424,3,0.0,0.0,0.0,13.0,0.0,0.0,0.0,7.0,0.0,0.0,0.0,0.0,0.0,0.0,0.0,0.0
ERR209732,D003424,3,0.0,0.0,0.0,16.0,0.0,0.0,0.0,20.0,1.0,0.0,0.0,4.0,0.0,0.0,0.0,0.0
ERR209739,D003424,3,0.0,0.0,3.0,19.0,0.0,0.0,0.0,82.0,0.0,0.0,0.0,33.0,0.0,0.0,0.0,0.0
ERR209740,D003424,3,0.0,0.0,1.0,16.0,0.0,0.0,0.0,57.0,0.0,0.0,0.0,28.0,0.0,0.0,0.0,0.0
ERR209743,D003424,3,0.0,0.0,0.0,459.0,0.0,2.0,0.0,376.0,0.0,0.0,0.0,115.0,0.0,0.0,0.0,3.0
ERR209744,D003424,3,0.0,0.0,0.0,0.0,0.0,0.0,0.0,0.0,0.0,0.0,0.0,0.0,0.0,0.0,0.0,0.0
ERR209745,D003424,3,0.0,0.0,0.0,60.0,0.0,0.0,0.0,30.0,0.0,0.0,0.0,2.0,0.0,0.0,0.0,0.0
ERR209746,D003424,3,0.0,0.0,0.0,86.0,0.0,0.0,0.0,36.0,0.0,0.0,0.0,3.0,0.0,0.0,0.0,1.0
ERR209747,D003424,3,0.0,0.0,0.0,18.0,0.0,0.0,0.0,2.0,0.0,0.0,0.0,0.0,0.0,0.0,0.0,0.0
ERR209748,D003424,3,0.0,0.0,2.0,23.0,0.0,0.0,0.0,34.0,0.0,0.0,0.0,0.0,0.0,0.0,0.0,6.0
ERR209749,D003424,3,0.0,0.0,0.0,38.0,0.0,0.0,0.0,62.0,0.0,0.0,0.0,1.0,0.0,0.0,0.0,12.0
ERR209754,D003093,3,0.0,0.0,0.0,1.0,0.0,0.0,0.0,4.0,0.0,0.0,0.0,0.0,0.0,0.0,0.0,0.0
ERR209755,D003093,3,0.0,0.0,0.0,1.0,0.0,0.0,0.0,2.0,0.0,0.0,0.0,0.0,0.0,0.0,0.0,0.0
ERR209756,D003093,3,0.0,0.0,0.0,9.0,0.0,0.0,0.0,4.0,0.0,1.0,0.0,0.0,0.0,0.0,0.0,0.0
ERR209757,D003093,3,2.0,1.0,4.0,64.0,0.0,4.0,0.0,246.0,0.0,0.0,0.0,13.0,0.0,0.0,1.0,0.0
ERR209758,D003093,3,0.0,0.0,7.0,100.0,0.0,1.0,0.0,310.0,0.0,0.0,0.0,8.0,0.0,0.0,0.0,1.0
ERR209759,D003093,3,0.0,0.0,0.0,4.0,0.0,0.0,0.0,1.0,0.0,0.0,0.0,0.0,0.0,0.0,0.0,0.0
ERR209760,D003093,3,0.0,0.0,0.0,2.0,0.0,0.0,0.0,2.0,0.0,0.0,0.0,1.0,0.0,0.0,0.0,0.0
ERR209761,D003093,3,0.0,0.0,0.0,8.0,0.0,0.0,0.0,7.0,0.0,0.0,0.0,3.0,0.0,0.0,0.0,0.0
ERR209762,D003093,3,0.0,0.0,1.0,4.0,0.0,0.0,0.0,5.0,0.0,0.0,0.0,3.0,0.0,0.0,0.0,0.0
ERR209763,D003093,3,0.0,0.0,0.0,0.0,0.0,0.0,0.0,5.0,0.0,0.0,0.0,0.0,0.0,0.0,0.0,0.0
ERR209764,D003093,3,0.0,0.0,29.0,507.0,0.0,1.0,0.0,727.0,0.0,0.0,0.0,9.0,0.0,0.0,0.0,0.0
ERR209765,D003093,3,0.0,0.0,15.0,513.0,0.0,1.0,0.0,814.0,0.0,0.0,0.0,10.0,0.0,0.0,0.0,0.0
ERR209766,D003093,3,0.0,0.0,1.0,66.0,0.0,1.0,0.0,65.0,0.0,0.0,0.0,1.0,0.0,0.0,0.0,0.0
ERR209767,D003093,3,0.0,0.0,0.0,4.0,0.0,0.0,0.0,3.0,0.0,0.0,0.0,0.0,0.0,0.0,0.0,0.0
ERR209768,D003093,3,0.0,0.0,19.0,251.0,0.0,0.0,0.0,425.0,0.0,0.0,0.0,5.0,0.0,0.0,0.0,0.0
ERR209769,D003093,3,0.0,0.0,11.0,252.0,0.0,0.0,0.0,523.0,0.0,0.0,0.0,3.0,0.0,0.0,0.0,0.0
ERR209770,D003093,3,0.0,0.0,0.0,4.0,0.0,0.0,0.0,19.0,0.0,0.0,0.0,0.0,0.0,0.0,0.0,0.0
ERR209772,D003093,3,0.0,0.0,0.0,41.0,0.0,0.0,0.0,9.0,0.0,0.0,0.0,0.0,0.0,0.0,0.0,0.0
ERR209773,D003093,3,0.0,0.0,0.0,46.0,0.0,0.0,0.0,16.0,0.0,0.0,0.0,0.0,0.0,0.0,0.0,0.0
ERR209774,D003093,3,0.0,0.0,2.0,17.0,0.0,0.0,0.0,48.0,0.0,0.0,0.0,2.0,0.0,0.0,0.0,0.0
ERR209776,D003093,3,0.0,0.0,0.0,6.0,0.0,0.0,0.0,9.0,0.0,0.0,0.0,0.0,0.0,0.0,0.0,0.0
ERR209777,D003093,3,0.0,0.0,0.0,6.0,0.0,0.0,0.0,16.0,0.0,0.0,0.0,0.0,0.0,0.0,0.0,0.0
ERR209780,D003093,3,0.0,0.0,0.0,6.0,0.0,0.0,0.0,9.0,1.0,0.0,0.0,0.0,0.0,0.0,0.0,0.0
ERR209782,D003093,3,0.0,0.0,1.0,16.0,0.0,0.0,0.0,11.0,0.0,0.0,0.0,1.0,0.0,0.0,0.0,0.0
ERR209783,D003093,3,0.0,0.0,2.0,22.0,0.0,0.0,0.0,22.0,0.0,0.0,0.0,1.0,0.0,0.0,0.0,0.0
ERR209788,D003093,3,0.0,0.0,0.0,1.0,0.0,0.0,0.0,2.0,0.0,0.0,0.0,0.0,0.0,0.0,0.0,0.0
ERR209789,D003093,3,0.0,0.0,1.0,24.0,0.0,0.0,0.0,67.0,0.0,0.0,0.0,1.0,0.0,0.0,0.0,0.0
ERR209791,D003093,3,0.0,0.0,0.0,15.0,0.0,0.0,0.0,23.0,0.0,0.0,0.0,1.0,0.0,0.0,0.0,0.0
ERR209792,D003093,3,0.0,0.0,0.0,14.0,0.0,0.0,0.0,18.0,0.0,0.0,0.0,0.0,0.0,0.0,0.0,0.0
ERR209793,D003093,3,0.0,0.0,0.0,3.0,0.0,0.0,0.0,4.0,0.0,0.0,0.0,0.0,0.0,0.0,0.0,0.0
ERR209794,D003093,3,0.0,0.0,0.0,1.0,0.0,0.0,0.0,3.0,0.0,0.0,0.0,0.0,0.0,0.0,0.0,0.0
ERR209795,D003093,3,0.0,0.0,2.0,12.0,0.0,0.0,0.0,20.0,0.0,0.0,0.0,4.0,0.0,0.0,0.0,0.0
ERR209796,D003093,3,0.0,0.0,0.0,12.0,0.0,0.0,0.0,29.0,0.0,0.0,0.0,0.0,0.0,0.0,0.0,0.0
ERR209799,D003093,3,0.0,0.0,2.0,32.0,0.0,1.0,0.0,53.0,0.0,0.0,0.0,1.0,0.0,0.0,0.0,0.0
ERR209800,D003093,3,0.0,0.0,2.0,36.0,0.0,0.0,0.0,134.0,0.0,0.0,0.0,5.0,0.0,0.0,0.0,0.0
ERR209801,D003093,3,0.0,0.0,0.0,6.0,0.0,0.0,0.0,2.0,0.0,0.0,0.0,0.0,0.0,0.0,0.0,0.0
ERR209802,D003093,3,0.0,0.0,2.0,53.0,0.0,0.0,0.0,23.0,0.0,0.0,0.0,2.0,0.0,0.0,0.0,0.0
ERR209803,D003093,3,0.0,0.0,4.0,263.0,0.0,0.0,0.0,147.0,0.0,0.0,0.0,79.0,0.0,0.0,1.0,0.0
ERR209804,D003093,3,0.0,0.0,9.0,303.0,0.0,0.0,0.0,206.0,1.0,0.0,0.0,87.0,0.0,0.0,0.0,0.0
ERR209805,D003093,3,0.0,0.0,0.0,5.0,0.0,0.0,0.0,3.0,0.0,0.0,0.0,0.0,0.0,0.0,1.0,0.0
ERR209806,D003093,3,0.0,0.0,4.0,57.0,0.0,0.0,0.0,80.0,0.0,0.0,0.0,5.0,0.0,0.0,1.0,0.0
ERR209807,D003093,3,0.0,0.0,1.0,17.0,0.0,0.0,0.0,32.0,0.0,0.0,0.0,0.0,0.0,0.0,0.0,1.0
ERR209808,D003093,3,0.0,0.0,5.0,16.0,0.0,0.0,0.0,27.0,0.0,0.0,0.0,0.0,0.0,0.0,0.0,1.0
ERR209815,D003093,3,0.0,0.0,1.0,1.0,0.0,0.0,0.0,1.0,1.0,0.0,0.0,0.0,0.0,0.0,0.0,0.0
ERR209816,D003093,3,0.0,0.0,1.0,57.0,0.0,0.0,0.0,73.0,0.0,0.0,0.0,3.0,0.0,0.0,0.0,0.0
ERR209817,D003093,3,0.0,0.0,0.0,6.0,0.0,0.0,0.0,19.0,0.0,0.0,0.0,3.0,0.0,0.0,0.0,0.0
ERR209818,D003093,3,0.0,0.0,3.0,14.0,0.0,0.0,0.0,20.0,0.0,0.0,0.0,3.0,0.0,0.0,0.0,0.0
ERR209821,D003093,3,0.0,0.0,0.0,10.0,0.0,0.0,0.0,13.0,0.0,0.0,0.0,5.0,0.0,0.0,0.0,0.0
ERR209822,D003093,3,0.0,0.0,1.0,36.0,0.0,0.0,0.0,20.0,0.0,0.0,0.0,10.0,0.0,0.0,0.0,0.0
ERR209827,D003093,3,0.0,0.0,1.0,204.0,0.0,0.0,0.0,266.0,3.0,0.0,0.0,35.0,0.0,0.0,0.0,0.0
ERR209828,D003093,3,0.0,0.0,6.0,228.0,0.0,0.0,0.0,317.0,2.0,0.0,0.0,48.0,0.0,0.0,0.0,0.0
ERR209829,D003093,3,0.0,0.0,1.0,88.0,0.0,0.0,0.0,147.0,0.0,0.0,0.0,5.0,0.0,0.0,0.0,0.0
ERR209830,D003093,3,0.0,0.0,4.0,107.0,0.0,0.0,0.0,137.0,0.0,0.0,0.0,5.0,0.0,0.0,0.0,0.0
ERR209834,D003093,3,0.0,0.0,10.0,219.0,0.0,0.0,0.0,355.0,0.0,0.0,0.0,19.0,0.0,0.0,0.0,0.0
ERR209835,D003093,3,0.0,0.0,6.0,220.0,0.0,0.0,0.0,388.0,0.0,0.0,0.0,17.0,0.0,0.0,0.0,0.0
ERR209836,D003093,3,0.0,0.0,0.0,3.0,0.0,0.0,0.0,6.0,0.0,0.0,0.0,0.0,0.0,0.0,0.0,0.0
ERR209837,D003093,3,0.0,0.0,4.0,44.0,0.0,0.0,0.0,80.0,0.0,0.0,0.0,0.0,0.0,0.0,0.0,0.0
ERR209838,D003093,3,0.0,0.0,0.0,0.0,0.0,0.0,0.0,1.0,0.0,0.0,0.0,0.0,0.0,0.0,0.0,0.0
ERR209839,D003093,3,0.0,0.0,0.0,3.0,0.0,0.0,0.0,11.0,0.0,0.0,0.0,0.0,0.0,0.0,0.0,0.0
ERR209840,D003093,3,0.0,0.0,1.0,20.0,0.0,0.0,0.0,39.0,0.0,0.0,0.0,1.0,0.0,0.0,0.0,0.0
ERR209847,D003093,3,0.0,0.0,0.0,0.0,0.0,0.0,0.0,1.0,0.0,0.0,0.0,0.0,0.0,0.0,0.0,0.0
ERR209848,D003093,3,0.0,0.0,0.0,2.0,0.0,0.0,0.0,6.0,0.0,0.0,0.0,0.0,0.0,0.0,0.0,0.0
ERR209849,D003093,3,0.0,0.0,0.0,7.0,0.0,0.0,0.0,10.0,0.0,0.0,0.0,5.0,0.0,0.0,0.0,0.0
ERR209850,D003093,3,0.0,0.0,1.0,7.0,0.0,0.0,0.0,25.0,0.0,0.0,0.0,0.0,0.0,0.0,0.0,0.0
ERR209853,D003093,3,0.0,0.0,0.0,4.0,0.0,0.0,0.0,7.0,0.0,0.0,0.0,2.0,0.0,0.0,0.0,0.0
ERR209856,D003093,3,0.0,0.0,0.0,36.0,0.0,0.0,0.0,49.0,0.0,0.0,0.0,3.0,0.0,0.0,1.0,0.0
ERR209857,D003093,3,0.0,0.0,3.0,40.0,0.0,0.0,0.0,62.0,0.0,0.0,0.0,5.0,0.0,0.0,1.0,0.0
ERR209858,D003093,3,0.0,0.0,0.0,1.0,0.0,0.0,0.0,13.0,0.0,0.0,0.0,1.0,0.0,0.0,0.0,1.0
ERR209859,D003093,3,0.0,0.0,0.0,7.0,0.0,0.0,0.0,11.0,0.0,0.0,0.0,0.0,0.0,0.0,1.0,0.0
ERR209860,D003093,3,0.0,0.0,0.0,9.0,0.0,0.0,0.0,4.0,0.0,0.0,0.0,0.0,0.0,0.0,0.0,0.0
ERR209861,D003093,3,0.0,0.0,0.0,16.0,0.0,0.0,0.0,41.0,0.0,0.0,0.0,2.0,0.0,0.0,0.0,0.0
ERR209862,D003093,3,0.0,0.0,1.0,22.0,0.0,0.0,0.0,61.0,0.0,0.0,0.0,1.0,0.0,0.0,0.0,0.0
ERR209863,D003093,3,0.0,0.0,0.0,21.0,0.0,0.0,0.0,25.0,0.0,0.0,0.0,0.0,0.0,0.0,0.0,1.0
ERR209864,D003093,3,0.0,0.0,0.0,7.0,0.0,2.0,0.0,4.0,0.0,0.0,0.0,0.0,0.0,0.0,0.0,0.0
ERR209865,D003093,3,0.0,0.0,1.0,33.0,0.0,6.0,0.0,133.0,0.0,0.0,0.0,7.0,0.0,0.0,0.0,0.0
ERR209866,D003093,3,0.0,0.0,0.0,8.0,0.0,6.0,0.0,31.0,0.0,0.0,0.0,1.0,0.0,0.0,1.0,0.0
ERR209867,D003093,3,0.0,0.0,0.0,14.0,0.0,2.0,0.0,36.0,0.0,0.0,0.0,3.0,0.0,0.0,0.0,0.0
ERR209868,D003093,3,0.0,0.0,0.0,6.0,0.0,1.0,0.0,16.0,0.0,0.0,0.0,1.0,0.0,0.0,0.0,0.0
ERR209869,D003093,3,0.0,0.0,0.0,11.0,0.0,0.0,0.0,28.0,0.0,0.0,0.0,0.0,0.0,0.0,0.0,0.0
ERR209870,D003093,3,0.0,0.0,2.0,15.0,0.0,0.0,0.0,48.0,0.0,0.0,0.0,1.0,0.0,0.0,1.0,1.0
ERR209871,D003093,3,1.0,0.0,0.0,19.0,0.0,1.0,0.0,60.0,0.0,0.0,0.0,3.0,0.0,0.0,4.0,1.0
ERR209872,D003093,3,0.0,0.0,0.0,27.0,0.0,0.0,0.0,9.0,0.0,0.0,0.0,2.0,0.0,0.0,0.0,0.0
ERR209873,D003093,3,0.0,0.0,0.0,56.0,0.0,0.0,0.0,12.0,0.0,0.0,0.0,1.0,0.0,0.0,0.0,0.0
ERR209874,D003093,3,0.0,0.0,0.0,58.0,0.0,0.0,0.0,15.0,0.0,0.0,0.0,0.0,0.0,0.0,0.0,0.0
ERR209875,D003093,3,0.0,0.0,2.0,38.0,0.0,0.0,0.0,91.0,0.0,0.0,0.0,2.0,0.0,0.0,0.0,2.0
ERR209876,D003093,3,0.0,0.0,3.0,41.0,0.0,0.0,0.0,99.0,0.0,0.0,0.0,8.0,0.0,0.0,0.0,2.0
ERR209877,D003093,3,0.0,0.0,0.0,37.0,0.0,0.0,0.0,8.0,0.0,0.0,0.0,2.0,0.0,0.0,0.0,0.0
ERR209878,D003093,3,0.0,0.0,0.0,47.0,0.0,0.0,0.0,22.0,0.0,0.0,0.0,0.0,0.0,0.0,0.0,0.0
ERR209879,D003093,3,0.0,0.0,1.0,70.0,0.0,0.0,0.0,23.0,0.0,0.0,0.0,0.0,0.0,0.0,1.0,0.0
ERR209880,D003093,3,0.0,0.0,1.0,25.0,0.0,0.0,0.0,42.0,0.0,0.0,0.0,0.0,0.0,0.0,0.0,0.0
ERR209881,D003093,3,0.0,0.0,1.0,55.0,0.0,0.0,0.0,108.0,0.0,0.0,0.0,3.0,0.0,0.0,0.0,0.0
ERR209882,D003093,3,0.0,0.0,1.0,50.0,0.0,0.0,0.0,86.0,0.0,0.0,0.0,0.0,0.0,0.0,0.0,0.0
ERR209883,D003093,3,0.0,0.0,0.0,5.0,0.0,0.0,0.0,27.0,0.0,0.0,0.0,0.0,0.0,0.0,0.0,0.0
ERR209884,D003093,3,0.0,0.0,0.0,6.0,0.0,0.0,0.0,57.0,0.0,0.0,0.0,0.0,0.0,0.0,0.0,0.0
ERR209885,D003093,3,0.0,0.0,0.0,3.0,0.0,0.0,0.0,59.0,0.0,0.0,0.0,1.0,0.0,0.0,0.0,0.0
ERR209886,D003093,3,0.0,0.0,0.0,45.0,0.0,0.0,0.0,23.0,0.0,0.0,0.0,0.0,0.0,0.0,0.0,0.0
ERR209887,D003093,3,0.0,0.0,0.0,59.0,0.0,0.0,0.0,57.0,0.0,0.0,0.0,5.0,0.0,0.0,0.0,1.0
ERR209888,D003093,3,0.0,0.0,2.0,62.0,0.0,0.0,0.0,51.0,0.0,0.0,0.0,6.0,0.0,0.0,0.0,0.0
ERR209889,D003093,3,0.0,0.0,13.0,176.0,0.0,0.0,0.0,87.0,0.0,0.0,0.0,4.0,0.0,0.0,0.0,1.0
ERR209890,D003093,3,0.0,0.0,11.0,213.0,0.0,1.0,0.0,102.0,0.0,0.0,0.0,6.0,0.0,0.0,0.0,0.0
ERR209893,D003093,3,0.0,0.0,2.0,65.0,0.0,0.0,0.0,129.0,0.0,0.0,0.0,6.0,0.0,0.0,1.0,0.0
ERR209894,D003093,3,0.0,0.0,1.0,88.0,0.0,0.0,0.0,132.0,0.0,0.0,0.0,6.0,0.0,0.0,0.0,0.0